Garage entries-exits by garage,,,,,
Facility Name,Fifth and Mission Garage,Off Street Parking ID,933,Parking Management District,Downtown
Usage Type,Date,Total Entries,Total Exits,,
Debit,11/30/2012,0.00,0.00,,
,12/1/2012,0.00,0.00,,
,12/2/2012,0.00,0.00,,
,12/3/2012,0.00,0.00,,
,12/4/2012,0.00,0.00,,
,12/5/2012,0.00,0.00,,
,12/6/2012,0.00,0.00,,
,12/7/2012,0.00,0.00,,
,12/8/2012,0.00,0.00,,
,12/9/2012,0.00,0.00,,
,12/10/2012,0.00,0.00,,
,12/11/2012,0.00,0.00,,
,12/12/2012,0.00,0.00,,
,12/13/2012,0.00,0.00,,
,12/14/2012,0.00,0.00,,
,12/15/2012,0.00,0.00,,
,12/16/2012,0.00,0.00,,
,12/17/2012,0.00,0.00,,
,12/18/2012,0.00,0.00,,
,12/19/2012,0.00,0.00,,
,12/20/2012,0.00,0.00,,
,12/21/2012,0.00,0.00,,
,12/22/2012,0.00,0.00,,
,12/23/2012,0.00,0.00,,
,12/24/2012,0.00,0.00,,
,12/25/2012,0.00,0.00,,
,12/26/2012,0.00,0.00,,
,12/27/2012,0.00,0.00,,
,12/28/2012,0.00,0.00,,
,12/29/2012,0.00,0.00,,
,12/30/2012,0.00,0.00,,
,12/31/2012,0.00,0.00,,
,1/1/2013,0.00,0.00,,
,1/2/2013,0.00,0.00,,
,1/3/2013,0.00,0.00,,
,1/4/2013,0.00,0.00,,
,1/5/2013,0.00,0.00,,
,1/6/2013,0.00,0.00,,
,1/7/2013,0.00,0.00,,
,1/8/2013,0.00,0.00,,
,1/9/2013,0.00,0.00,,
,1/10/2013,0.00,0.00,,
,1/11/2013,0.00,0.00,,
,1/12/2013,0.00,0.00,,
,1/13/2013,0.00,0.00,,
,1/14/2013,0.00,0.00,,
,1/15/2013,0.00,0.00,,
,1/16/2013,0.00,0.00,,
,1/17/2013,0.00,0.00,,
,1/18/2013,0.00,0.00,,
,1/19/2013,0.00,0.00,,
,1/20/2013,0.00,0.00,,
,1/21/2013,0.00,0.00,,
,1/22/2013,0.00,0.00,,
,1/23/2013,0.00,0.00,,
,1/24/2013,0.00,0.00,,
,1/25/2013,0.00,0.00,,
,1/26/2013,0.00,0.00,,
,1/27/2013,0.00,0.00,,
,1/28/2013,1.00,0.00,,
,1/29/2013,0.00,0.00,,
,1/30/2013,1.00,0.00,,
,1/31/2013,1.00,0.00,,
,2/1/2013,1.00,0.00,,
,2/2/2013,0.00,0.00,,
,2/3/2013,0.00,0.00,,
,2/4/2013,0.00,0.00,,
,2/5/2013,0.00,0.00,,
,2/6/2013,0.00,0.00,,
,2/7/2013,0.00,0.00,,
,2/8/2013,0.00,0.00,,
,2/9/2013,0.00,0.00,,
,2/10/2013,0.00,0.00,,
,2/11/2013,1.00,0.00,,
,2/12/2013,0.00,0.00,,
,2/13/2013,0.00,0.00,,
,2/14/2013,0.00,0.00,,
,2/15/2013,0.00,0.00,,
,2/16/2013,0.00,0.00,,
,2/17/2013,0.00,0.00,,
,2/18/2013,0.00,0.00,,
,2/19/2013,1.00,0.00,,
,2/20/2013,0.00,0.00,,
,2/21/2013,2.00,0.00,,
,2/22/2013,2.00,0.00,,
,2/23/2013,1.00,0.00,,
,2/24/2013,2.00,0.00,,
,2/25/2013,2.00,0.00,,
,2/26/2013,1.00,0.00,,
,2/27/2013,0.00,0.00,,
,2/28/2013,0.00,0.00,,
,3/1/2013,0.00,0.00,,
,3/2/2013,0.00,0.00,,
,3/3/2013,0.00,0.00,,
,3/4/2013,0.00,0.00,,
,3/5/2013,0.00,0.00,,
,3/6/2013,0.00,0.00,,
,3/7/2013,0.00,0.00,,
,3/8/2013,0.00,0.00,,
,3/9/2013,0.00,0.00,,
,3/10/2013,0.00,0.00,,
,3/11/2013,0.00,0.00,,
,3/12/2013,0.00,0.00,,
,3/13/2013,0.00,0.00,,
,3/14/2013,0.00,0.00,,
,3/15/2013,0.00,0.00,,
,3/16/2013,0.00,0.00,,
,3/17/2013,0.00,0.00,,
,3/18/2013,0.00,0.00,,
,3/19/2013,0.00,0.00,,
,3/20/2013,0.00,0.00,,
,3/21/2013,0.00,0.00,,
,3/22/2013,0.00,0.00,,
,3/23/2013,0.00,0.00,,
,3/24/2013,0.00,0.00,,
,3/25/2013,0.00,0.00,,
,3/26/2013,0.00,0.00,,
,3/27/2013,0.00,0.00,,
,3/28/2013,0.00,0.00,,
,3/29/2013,0.00,0.00,,
,3/30/2013,0.00,0.00,,
,3/31/2013,0.00,0.00,,
,4/1/2013,0.00,0.00,,
,4/2/2013,0.00,0.00,,
,4/3/2013,0.00,0.00,,
,4/4/2013,0.00,0.00,,
,4/5/2013,1.00,0.00,,
,4/6/2013,0.00,0.00,,
,4/7/2013,0.00,0.00,,
,4/8/2013,0.00,0.00,,
,4/9/2013,0.00,0.00,,
,4/10/2013,0.00,0.00,,
,4/11/2013,0.00,0.00,,
,4/12/2013,0.00,0.00,,
,4/13/2013,0.00,0.00,,
,4/14/2013,1.00,0.00,,
,4/15/2013,1.00,0.00,,
,4/16/2013,0.00,0.00,,
,4/17/2013,0.00,0.00,,
,4/18/2013,1.00,0.00,,
,4/19/2013,1.00,0.00,,
,4/20/2013,1.00,0.00,,
,4/21/2013,0.00,0.00,,
,4/22/2013,0.00,0.00,,
,4/23/2013,0.00,0.00,,
,4/24/2013,1.00,0.00,,
,4/25/2013,1.00,0.00,,
,4/26/2013,0.00,0.00,,
,4/27/2013,0.00,0.00,,
,4/28/2013,1.00,0.00,,
,4/29/2013,1.00,0.00,,
,4/30/2013,1.00,0.00,,
,5/1/2013,0.00,0.00,,
,5/2/2013,0.00,0.00,,
,5/3/2013,0.00,0.00,,
,5/4/2013,0.00,0.00,,
,5/5/2013,0.00,0.00,,
,5/6/2013,0.00,0.00,,
,5/7/2013,0.00,0.00,,
,5/8/2013,0.00,0.00,,
,5/9/2013,0.00,0.00,,
,5/10/2013,0.00,0.00,,
,5/11/2013,0.00,0.00,,
,5/12/2013,0.00,0.00,,
,5/13/2013,0.00,0.00,,
,5/14/2013,0.00,0.00,,
,5/15/2013,0.00,0.00,,
,5/16/2013,0.00,0.00,,
,5/17/2013,0.00,0.00,,
,5/18/2013,0.00,0.00,,
,5/19/2013,0.00,0.00,,
,5/20/2013,0.00,0.00,,
,5/21/2013,0.00,0.00,,
,5/22/2013,1.00,0.00,,
,5/23/2013,1.00,0.00,,
,5/24/2013,0.00,0.00,,
,5/25/2013,0.00,0.00,,
,5/26/2013,0.00,0.00,,
,5/27/2013,0.00,0.00,,
,5/28/2013,0.00,0.00,,
,5/29/2013,0.00,0.00,,
,5/30/2013,0.00,0.00,,
,5/31/2013,0.00,0.00,,
Monthly,4/1/2011,240.00,247.00,,
,4/2/2011,169.00,169.00,,
,4/3/2011,126.00,124.00,,
,4/4/2011,290.00,296.00,,
,4/5/2011,302.00,298.00,,
,4/6/2011,292.00,290.00,,
,4/7/2011,314.00,314.00,,
,4/8/2011,281.00,279.00,,
,4/9/2011,161.00,156.00,,
,4/10/2011,102.00,106.00,,
,4/11/2011,296.00,294.00,,
,4/12/2011,287.00,286.00,,
,4/13/2011,285.00,287.00,,
,4/14/2011,287.00,285.00,,
,4/15/2011,277.00,275.00,,
,4/16/2011,159.00,162.00,,
,4/17/2011,107.00,112.00,,
,4/18/2011,271.00,266.00,,
,4/19/2011,287.00,294.00,,
,4/20/2011,270.00,275.00,,
,4/21/2011,243.00,246.00,,
,4/22/2011,275.00,272.00,,
,4/23/2011,142.00,145.00,,
,4/24/2011,62.00,69.00,,
,4/25/2011,266.00,263.00,,
,4/26/2011,272.00,275.00,,
,4/27/2011,296.00,295.00,,
,4/28/2011,296.00,298.00,,
,4/29/2011,278.00,275.00,,
,4/30/2011,152.00,157.00,,
,5/1/2011,107.00,105.00,,
,5/2/2011,280.00,273.00,,
,5/3/2011,286.00,292.00,,
,5/4/2011,287.00,285.00,,
,5/5/2011,310.00,311.00,,
,5/6/2011,277.00,279.00,,
,5/7/2011,146.00,151.00,,
,5/8/2011,104.00,106.00,,
,5/9/2011,287.00,284.00,,
,5/10/2011,305.00,307.00,,
,5/11/2011,283.00,289.00,,
,5/12/2011,297.00,287.00,,
,5/13/2011,276.00,279.00,,
,5/14/2011,155.00,157.00,,
,5/15/2011,100.00,99.00,,
,5/16/2011,291.00,289.00,,
,5/17/2011,286.00,293.00,,
,5/18/2011,272.00,270.00,,
,5/19/2011,295.00,302.00,,
,5/20/2011,266.00,262.00,,
,5/21/2011,166.00,174.00,,
,5/22/2011,113.00,105.00,,
,5/23/2011,282.00,285.00,,
,5/24/2011,273.00,276.00,,
,5/25/2011,273.00,272.00,,
,5/26/2011,277.00,276.00,,
,5/27/2011,246.00,243.00,,
,5/28/2011,147.00,151.00,,
,5/29/2011,96.00,98.00,,
,5/30/2011,139.00,139.00,,
,5/31/2011,276.00,282.00,,
,6/1/2011,258.00,257.00,,
,6/2/2011,275.00,279.00,,
,6/3/2011,247.00,243.00,,
,6/4/2011,147.00,146.00,,
,6/5/2011,110.00,118.00,,
,6/6/2011,261.00,261.00,,
,6/7/2011,273.00,279.00,,
,6/8/2011,274.00,266.00,,
,6/9/2011,284.00,287.00,,
,6/10/2011,240.00,246.00,,
,6/11/2011,149.00,156.00,,
,6/12/2011,115.00,107.00,,
,6/13/2011,286.00,278.00,,
,6/14/2011,283.00,295.00,,
,6/15/2011,295.00,286.00,,
,6/16/2011,290.00,297.00,,
,6/17/2011,266.00,265.00,,
,6/18/2011,135.00,143.00,,
,6/19/2011,112.00,113.00,,
,6/20/2011,286.00,281.00,,
,6/21/2011,284.00,281.00,,
,6/22/2011,288.00,291.00,,
,6/23/2011,309.00,310.00,,
,6/24/2011,262.00,266.00,,
,6/25/2011,162.00,161.00,,
,6/26/2011,110.00,116.00,,
,6/27/2011,274.00,269.00,,
,6/28/2011,268.00,270.00,,
,6/29/2011,262.00,263.00,,
,6/30/2011,274.00,276.00,,
,7/1/2011,234.00,236.00,,
,7/2/2011,138.00,146.00,,
,7/3/2011,104.00,101.00,,
,7/4/2011,104.00,110.00,,
,7/5/2011,256.00,249.00,,
,7/6/2011,262.00,266.00,,
,7/7/2011,287.00,289.00,,
,7/8/2011,254.00,251.00,,
,7/9/2011,152.00,159.00,,
,7/10/2011,106.00,109.00,,
,7/11/2011,279.00,270.00,,
,7/12/2011,271.00,267.00,,
,7/13/2011,271.00,280.00,,
,7/14/2011,283.00,289.00,,
,7/15/2011,270.00,272.00,,
,7/16/2011,143.00,153.00,,
,7/17/2011,108.00,110.00,,
,7/18/2011,271.00,273.00,,
,7/19/2011,272.00,273.00,,
,7/20/2011,289.00,286.00,,
,7/21/2011,284.00,288.00,,
,7/22/2011,266.00,267.00,,
,7/23/2011,154.00,160.00,,
,7/24/2011,103.00,102.00,,
,7/25/2011,270.00,271.00,,
,7/26/2011,281.00,281.00,,
,7/27/2011,268.00,264.00,,
,7/28/2011,273.00,274.00,,
,7/29/2011,249.00,248.00,,
,7/30/2011,151.00,164.00,,
,7/31/2011,111.00,110.00,,
,8/1/2011,231.00,232.00,,
,8/2/2011,276.00,281.00,,
,8/3/2011,264.00,266.00,,
,8/4/2011,282.00,285.00,,
,8/5/2011,263.00,266.00,,
,8/6/2011,162.00,168.00,,
,8/7/2011,121.00,117.00,,
,8/8/2011,275.00,269.00,,
,8/9/2011,278.00,275.00,,
,8/10/2011,275.00,277.00,,
,8/11/2011,293.00,297.00,,
,8/12/2011,250.00,249.00,,
,8/13/2011,155.00,161.00,,
,8/14/2011,124.00,129.00,,
,8/15/2011,264.00,258.00,,
,8/16/2011,286.00,286.00,,
,8/17/2011,293.00,298.00,,
,8/18/2011,293.00,293.00,,
,8/19/2011,260.00,259.00,,
,8/20/2011,149.00,159.00,,
,8/21/2011,101.00,100.00,,
,8/22/2011,277.00,273.00,,
,8/23/2011,279.00,278.00,,
,8/24/2011,261.00,271.00,,
,8/25/2011,292.00,295.00,,
,8/26/2011,281.00,275.00,,
,8/27/2011,155.00,162.00,,
,8/28/2011,128.00,133.00,,
,8/29/2011,276.00,271.00,,
,8/30/2011,278.00,277.00,,
,8/31/2011,287.00,293.00,,
,9/1/2011,250.00,262.00,,
,9/2/2011,246.00,244.00,,
,9/3/2011,134.00,141.00,,
,9/4/2011,117.00,108.00,,
,9/5/2011,123.00,130.00,,
,9/6/2011,294.00,286.00,,
,9/7/2011,283.00,289.00,,
,9/8/2011,297.00,302.00,,
,9/9/2011,291.00,288.00,,
,9/10/2011,156.00,162.00,,
,9/11/2011,121.00,121.00,,
,9/12/2011,284.00,287.00,,
,9/13/2011,287.00,282.00,,
,9/14/2011,297.00,301.00,,
,9/15/2011,292.00,296.00,,
,9/16/2011,283.00,280.00,,
,9/17/2011,162.00,177.00,,
,9/18/2011,121.00,120.00,,
,9/19/2011,290.00,283.00,,
,9/20/2011,290.00,293.00,,
,9/21/2011,267.00,270.00,,
,9/22/2011,314.00,303.00,,
,9/23/2011,274.00,271.00,,
,9/24/2011,165.00,179.00,,
,9/25/2011,121.00,125.00,,
,9/26/2011,267.00,262.00,,
,9/27/2011,283.00,280.00,,
,9/28/2011,271.00,272.00,,
,9/29/2011,273.00,279.00,,
,9/30/2011,292.00,294.00,,
,10/1/2011,140.00,148.00,,
,10/2/2011,125.00,119.00,,
,10/3/2011,266.00,265.00,,
,10/4/2011,281.00,286.00,,
,10/5/2011,287.00,287.00,,
,10/6/2011,277.00,282.00,,
,10/7/2011,270.00,272.00,,
,10/8/2011,140.00,147.00,,
,10/9/2011,122.00,120.00,,
,10/10/2011,269.00,271.00,,
,10/11/2011,300.00,307.00,,
,10/12/2011,312.00,305.00,,
,10/13/2011,295.00,304.00,,
,10/14/2011,282.00,278.00,,
,10/15/2011,150.00,157.00,,
,10/16/2011,115.00,117.00,,
,10/17/2011,302.00,298.00,,
,10/18/2011,314.00,317.00,,
,10/19/2011,287.00,287.00,,
,10/20/2011,289.00,291.00,,
,10/21/2011,280.00,278.00,,
,10/22/2011,168.00,173.00,,
,10/23/2011,116.00,116.00,,
,10/24/2011,297.00,294.00,,
,10/25/2011,289.00,293.00,,
,10/26/2011,302.00,300.00,,
,10/27/2011,299.00,301.00,,
,10/28/2011,291.00,294.00,,
,10/29/2011,168.00,168.00,,
,10/30/2011,110.00,114.00,,
,10/31/2011,303.00,301.00,,
,11/1/2011,283.00,288.00,,
,11/2/2011,312.00,305.00,,
,11/3/2011,296.00,310.00,,
,11/4/2011,266.00,257.00,,
,11/5/2011,157.00,159.00,,
,11/6/2011,123.00,125.00,,
,11/7/2011,284.00,292.00,,
,11/8/2011,315.00,310.00,,
,11/9/2011,299.00,290.00,,
,11/10/2011,303.00,313.00,,
,11/11/2011,260.00,262.00,,
,11/12/2011,158.00,160.00,,
,11/13/2011,122.00,123.00,,
,11/14/2011,311.00,311.00,,
,11/15/2011,319.00,316.00,,
,11/16/2011,327.00,329.00,,
,11/17/2011,320.00,324.00,,
,11/18/2011,275.00,282.00,,
,11/19/2011,176.00,173.00,,
,11/20/2011,127.00,133.00,,
,11/21/2011,295.00,302.00,,
,11/22/2011,310.00,301.00,,
,11/23/2011,281.00,278.00,,
,11/24/2011,60.00,73.00,,
,11/25/2011,200.00,190.00,,
,11/26/2011,178.00,181.00,,
,11/27/2011,115.00,128.00,,
,11/28/2011,288.00,288.00,,
,11/29/2011,314.00,308.00,,
,11/30/2011,328.00,333.00,,
,12/1/2011,290.00,299.00,,
,12/2/2011,313.00,319.00,,
,12/3/2011,167.00,170.00,,
,12/4/2011,133.00,137.00,,
,12/5/2011,314.00,312.00,,
,12/6/2011,327.00,324.00,,
,12/7/2011,330.00,330.00,,
,12/8/2011,314.00,324.00,,
,12/9/2011,303.00,296.00,,
,12/10/2011,186.00,192.00,,
,12/11/2011,145.00,152.00,,
,12/12/2011,307.00,305.00,,
,12/13/2011,337.00,334.00,,
,12/14/2011,313.00,318.00,,
,12/15/2011,324.00,322.00,,
,12/16/2011,322.00,321.00,,
,12/17/2011,187.00,196.00,,
,12/18/2011,141.00,141.00,,
,12/19/2011,292.00,301.00,,
,12/20/2011,300.00,292.00,,
,12/21/2011,327.00,322.00,,
,12/22/2011,317.00,315.00,,
,12/23/2011,270.00,277.00,,
,12/24/2011,145.00,161.00,,
,12/25/2011,46.00,52.00,,
,12/26/2011,179.00,170.00,,
,12/27/2011,244.00,236.00,,
,12/28/2011,242.00,246.00,,
,12/29/2011,247.00,254.00,,
,12/30/2011,236.00,229.00,,
,12/31/2011,144.00,156.00,,
,1/1/2012,88.00,97.00,,
,1/2/2012,148.00,145.00,,
,1/3/2012,268.00,264.00,,
,1/4/2012,271.00,270.00,,
,1/5/2012,286.00,294.00,,
,1/6/2012,288.00,288.00,,
,1/7/2012,137.00,143.00,,
,1/8/2012,115.00,116.00,,
,1/9/2012,286.00,287.00,,
,1/10/2012,321.00,320.00,,
,1/11/2012,290.00,294.00,,
,1/12/2012,313.00,314.00,,
,1/13/2012,286.00,288.00,,
,1/14/2012,165.00,167.00,,
,1/15/2012,121.00,126.00,,
,1/16/2012,229.00,229.00,,
,1/17/2012,315.00,312.00,,
,1/18/2012,304.00,298.00,,
,1/19/2012,295.00,304.00,,
,1/20/2012,269.00,266.00,,
,1/21/2012,164.00,173.00,,
,1/22/2012,110.00,120.00,,
,1/23/2012,293.00,282.00,,
,1/24/2012,312.00,311.00,,
,1/25/2012,300.00,302.00,,
,1/26/2012,309.00,308.00,,
,1/27/2012,294.00,291.00,,
,1/28/2012,176.00,187.00,,
,1/29/2012,126.00,128.00,,
,1/30/2012,295.00,293.00,,
,1/31/2012,299.00,302.00,,
,2/1/2012,288.00,290.00,,
,2/2/2012,311.00,317.00,,
,2/3/2012,293.00,300.00,,
,2/4/2012,173.00,177.00,,
,2/5/2012,120.00,124.00,,
,2/6/2012,301.00,299.00,,
,2/7/2012,292.00,294.00,,
,2/8/2012,319.00,320.00,,
,2/9/2012,304.00,306.00,,
,2/10/2012,309.00,305.00,,
,2/11/2012,183.00,192.00,,
,2/12/2012,131.00,137.00,,
,2/13/2012,301.00,301.00,,
,2/14/2012,329.00,326.00,,
,2/15/2012,312.00,311.00,,
,2/16/2012,293.00,295.00,,
,2/17/2012,276.00,267.00,,
,2/18/2012,143.00,150.00,,
,2/19/2012,124.00,128.00,,
,2/20/2012,205.00,208.00,,
,2/21/2012,319.00,314.00,,
,2/22/2012,288.00,282.00,,
,2/23/2012,311.00,318.00,,
,2/24/2012,286.00,288.00,,
,2/25/2012,178.00,174.00,,
,2/26/2012,134.00,153.00,,
,2/27/2012,312.00,300.00,,
,2/28/2012,328.00,324.00,,
,2/29/2012,299.00,298.00,,
,3/1/2012,282.00,294.00,,
,3/2/2012,301.00,303.00,,
,3/3/2012,180.00,184.00,,
,3/4/2012,148.00,152.00,,
,3/5/2012,324.00,326.00,,
,3/6/2012,339.00,330.00,,
,3/7/2012,332.00,341.00,,
,3/8/2012,318.00,319.00,,
,3/9/2012,312.00,314.00,,
,3/10/2012,183.00,183.00,,
,3/11/2012,133.00,143.00,,
,3/12/2012,319.00,315.00,,
,3/13/2012,333.00,335.00,,
,3/14/2012,319.00,314.00,,
,3/15/2012,329.00,327.00,,
,3/16/2012,304.00,308.00,,
,3/17/2012,181.00,180.00,,
,3/18/2012,147.00,153.00,,
,3/19/2012,317.00,323.00,,
,3/20/2012,323.00,317.00,,
,3/21/2012,341.00,343.00,,
,3/22/2012,324.00,323.00,,
,3/23/2012,320.00,308.00,,
,3/24/2012,180.00,199.00,,
,3/25/2012,146.00,151.00,,
,3/26/2012,322.00,321.00,,
,3/27/2012,314.00,311.00,,
,3/28/2012,305.00,308.00,,
,3/29/2012,305.00,300.00,,
,3/30/2012,301.00,303.00,,
,3/31/2012,173.00,184.00,,
,4/1/2012,137.00,141.00,,
,4/2/2012,338.00,336.00,,
,4/3/2012,352.00,358.00,,
,4/4/2012,342.00,336.00,,
,4/5/2012,338.00,342.00,,
,4/6/2012,308.00,310.00,,
,4/7/2012,190.00,190.00,,
,4/8/2012,87.00,95.00,,
,4/9/2012,331.00,328.00,,
,4/10/2012,355.00,358.00,,
,4/11/2012,365.00,360.00,,
,4/12/2012,384.00,349.00,,
,4/13/2012,374.00,366.00,,
,4/14/2012,251.00,259.00,,
,4/15/2012,259.00,267.00,,
,4/16/2012,428.00,430.00,,
,4/17/2012,435.00,430.00,,
,4/18/2012,423.00,426.00,,
,4/19/2012,415.00,429.00,,
,4/20/2012,346.00,374.00,,
,4/21/2012,209.00,214.00,,
,4/22/2012,139.00,147.00,,
,4/23/2012,347.00,342.00,,
,4/24/2012,345.00,338.00,,
,4/25/2012,335.00,337.00,,
,4/26/2012,340.00,349.00,,
,4/27/2012,310.00,305.00,,
,4/28/2012,168.00,168.00,,
,4/29/2012,142.00,154.00,,
,4/30/2012,340.00,337.00,,
,5/1/2012,303.00,304.00,,
,5/2/2012,343.00,342.00,,
,5/3/2012,348.00,339.00,,
,5/4/2012,325.00,328.00,,
,5/5/2012,192.00,193.00,,
,5/6/2012,146.00,153.00,,
,5/7/2012,331.00,330.00,,
,5/8/2012,355.00,354.00,,
,5/9/2012,357.00,361.00,,
,5/10/2012,352.00,354.00,,
,5/11/2012,321.00,312.00,,
,5/12/2012,194.00,203.00,,
,5/13/2012,140.00,148.00,,
,5/14/2012,333.00,321.00,,
,5/15/2012,326.00,329.00,,
,5/16/2012,343.00,343.00,,
,5/17/2012,336.00,347.00,,
,5/18/2012,331.00,320.00,,
,5/19/2012,181.00,193.00,,
,5/20/2012,119.00,125.00,,
,5/21/2012,329.00,327.00,,
,5/22/2012,338.00,337.00,,
,5/23/2012,356.00,350.00,,
,5/24/2012,351.00,349.00,,
,5/25/2012,294.00,286.00,,
,5/26/2012,166.00,176.00,,
,5/27/2012,110.00,124.00,,
,5/28/2012,146.00,155.00,,
,5/29/2012,323.00,316.00,,
,5/30/2012,337.00,337.00,,
,5/31/2012,344.00,340.00,,
,6/1/2012,311.00,317.00,,
,6/2/2012,175.00,177.00,,
,6/3/2012,131.00,134.00,,
,6/4/2012,329.00,333.00,,
,6/5/2012,352.00,352.00,,
,6/6/2012,332.00,335.00,,
,6/7/2012,347.00,345.00,,
,6/8/2012,337.00,336.00,,
,6/9/2012,191.00,203.00,,
,6/10/2012,150.00,147.00,,
,6/11/2012,339.00,342.00,,
,6/12/2012,340.00,337.00,,
,6/13/2012,341.00,350.00,,
,6/14/2012,353.00,360.00,,
,6/15/2012,330.00,313.00,,
,6/16/2012,199.00,213.00,,
,6/17/2012,137.00,143.00,,
,6/18/2012,340.00,338.00,,
,6/19/2012,357.00,354.00,,
,6/20/2012,351.00,353.00,,
,6/21/2012,355.00,356.00,,
,6/22/2012,332.00,325.00,,
,6/23/2012,181.00,184.00,,
,6/24/2012,138.00,151.00,,
,6/25/2012,340.00,345.00,,
,6/26/2012,337.00,335.00,,
,6/27/2012,346.00,347.00,,
,6/28/2012,372.00,376.00,,
,6/29/2012,361.00,353.00,,
,6/30/2012,192.00,202.00,,
,7/1/2012,157.00,162.00,,
,7/2/2012,311.00,324.00,,
,7/3/2012,340.00,339.00,,
,7/4/2012,157.00,164.00,,
,7/5/2012,311.00,319.00,,
,7/6/2012,303.00,301.00,,
,7/7/2012,185.00,184.00,,
,7/8/2012,145.00,144.00,,
,7/9/2012,330.00,342.00,,
,7/10/2012,336.00,335.00,,
,7/11/2012,359.00,357.00,,
,7/12/2012,353.00,358.00,,
,7/13/2012,339.00,331.00,,
,7/14/2012,170.00,180.00,,
,7/15/2012,135.00,143.00,,
,7/16/2012,345.00,346.00,,
,7/17/2012,352.00,348.00,,
,7/18/2012,349.00,352.00,,
,7/19/2012,362.00,352.00,,
,7/20/2012,333.00,333.00,,
,7/21/2012,203.00,218.00,,
,7/22/2012,150.00,149.00,,
,7/23/2012,307.00,308.00,,
,7/24/2012,318.00,313.00,,
,7/25/2012,347.00,355.00,,
,7/26/2012,368.00,361.00,,
,7/27/2012,355.00,353.00,,
,7/28/2012,184.00,195.00,,
,7/29/2012,157.00,156.00,,
,7/30/2012,329.00,329.00,,
,7/31/2012,351.00,349.00,,
,8/1/2012,311.00,331.00,,
,8/2/2012,345.00,348.00,,
,8/3/2012,331.00,323.00,,
,8/4/2012,182.00,189.00,,
,8/5/2012,143.00,152.00,,
,8/6/2012,353.00,348.00,,
,8/7/2012,370.00,372.00,,
,8/8/2012,356.00,365.00,,
,8/9/2012,366.00,365.00,,
,8/10/2012,330.00,337.00,,
,8/11/2012,179.00,183.00,,
,8/12/2012,142.00,143.00,,
,8/13/2012,301.00,349.00,,
,8/14/2012,388.00,378.00,,
,8/15/2012,366.00,381.00,,
,8/16/2012,382.00,388.00,,
,8/17/2012,357.00,357.00,,
,8/18/2012,207.00,214.00,,
,8/19/2012,145.00,144.00,,
,8/20/2012,338.00,344.00,,
,8/21/2012,352.00,347.00,,
,8/22/2012,360.00,361.00,,
,8/23/2012,357.00,356.00,,
,8/24/2012,339.00,342.00,,
,8/25/2012,198.00,192.00,,
,8/26/2012,145.00,154.00,,
,8/27/2012,376.00,380.00,,
,8/28/2012,360.00,358.00,,
,8/29/2012,370.00,373.00,,
,8/30/2012,369.00,373.00,,
,8/31/2012,317.00,306.00,,
,9/1/2012,177.00,181.00,,
,9/2/2012,128.00,132.00,,
,9/3/2012,152.00,157.00,,
,9/4/2012,344.00,346.00,,
,9/5/2012,344.00,345.00,,
,9/6/2012,337.00,339.00,,
,9/7/2012,323.00,316.00,,
,9/8/2012,190.00,200.00,,
,9/9/2012,163.00,161.00,,
,9/10/2012,335.00,329.00,,
,9/11/2012,354.00,352.00,,
,9/12/2012,373.00,375.00,,
,9/13/2012,372.00,375.00,,
,9/14/2012,355.00,348.00,,
,9/15/2012,197.00,206.00,,
,9/16/2012,139.00,146.00,,
,9/17/2012,338.00,333.00,,
,9/18/2012,345.00,350.00,,
,9/19/2012,348.00,356.00,,
,9/20/2012,375.00,374.00,,
,9/21/2012,343.00,335.00,,
,9/22/2012,195.00,209.00,,
,9/23/2012,130.00,130.00,,
,9/24/2012,355.00,353.00,,
,9/25/2012,357.00,359.00,,
,9/26/2012,338.00,340.00,,
,9/27/2012,360.00,360.00,,
,9/28/2012,336.00,329.00,,
,9/29/2012,185.00,193.00,,
,9/30/2012,152.00,152.00,,
,10/1/2012,319.00,328.00,,
,10/2/2012,358.00,351.00,,
,10/3/2012,362.00,370.00,,
,10/4/2012,368.00,373.00,,
,10/5/2012,361.00,348.00,,
,10/6/2012,187.00,198.00,,
,10/7/2012,141.00,145.00,,
,10/8/2012,302.00,303.00,,
,10/9/2012,366.00,374.00,,
,10/10/2012,377.00,370.00,,
,10/11/2012,375.00,375.00,,
,10/12/2012,359.00,356.00,,
,10/13/2012,235.00,227.00,,
,10/14/2012,174.00,192.00,,
,10/15/2012,377.00,376.00,,
,10/16/2012,369.00,370.00,,
,10/17/2012,384.00,389.00,,
,10/18/2012,383.00,385.00,,
,10/19/2012,387.00,380.00,,
,10/20/2012,235.00,249.00,,
,10/21/2012,181.00,184.00,,
,10/22/2012,367.00,366.00,,
,10/23/2012,399.00,404.00,,
,10/24/2012,364.00,360.00,,
,10/25/2012,368.00,369.00,,
,10/26/2012,368.00,366.00,,
,10/27/2012,218.00,219.00,,
,10/28/2012,162.00,166.00,,
,10/29/2012,366.00,376.00,,
,10/30/2012,420.00,409.00,,
,10/31/2012,283.00,298.00,,
,11/1/2012,369.00,370.00,,
,11/2/2012,383.00,391.00,,
,11/3/2012,209.00,210.00,,
,11/4/2012,157.00,161.00,,
,11/5/2012,369.00,370.00,,
,11/6/2012,387.00,394.00,,
,11/7/2012,394.00,396.00,,
,11/8/2012,393.00,395.00,,
,11/9/2012,393.00,383.00,,
,11/10/2012,229.00,221.00,,
,11/11/2012,178.00,188.00,,
,11/12/2012,383.00,382.00,,
,11/13/2012,394.00,391.00,,
,11/14/2012,414.00,420.00,,
,11/15/2012,412.00,402.00,,
,11/16/2012,381.00,381.00,,
,11/17/2012,237.00,232.00,,
,11/18/2012,209.00,217.00,,
,11/19/2012,378.00,381.00,,
,11/20/2012,395.00,385.00,,
,11/21/2012,349.00,340.00,,
,11/22/2012,100.00,110.00,,
,11/23/2012,280.00,268.00,,
,11/24/2012,238.00,236.00,,
,11/25/2012,163.00,177.00,,
,11/26/2012,372.00,360.00,,
,11/27/2012,401.00,411.00,,
,11/28/2012,370.00,362.00,,
,11/29/2012,397.00,387.00,,
,11/30/2012,375.00,365.00,,
,12/1/2012,220.00,230.00,,
,12/2/2012,161.00,172.00,,
,12/3/2012,364.00,360.00,,
,12/4/2012,433.00,427.00,,
,12/5/2012,401.00,400.00,,
,12/6/2012,404.00,407.00,,
,12/7/2012,397.00,384.00,,
,12/8/2012,237.00,234.00,,
,12/9/2012,167.00,178.00,,
,12/10/2012,414.00,408.00,,
,12/11/2012,431.00,419.00,,
,12/12/2012,402.00,407.00,,
,12/13/2012,429.00,431.00,,
,12/14/2012,439.00,429.00,,
,12/15/2012,238.00,233.00,,
,12/16/2012,181.00,204.00,,
,12/17/2012,395.00,383.00,,
,12/18/2012,421.00,426.00,,
,12/19/2012,421.00,416.00,,
,12/20/2012,408.00,406.00,,
,12/21/2012,392.00,374.00,,
,12/22/2012,238.00,244.00,,
,12/23/2012,187.00,194.00,,
,12/24/2012,263.00,268.00,,
,12/25/2012,63.00,55.00,,
,12/26/2012,302.00,294.00,,
,12/27/2012,341.00,349.00,,
,12/28/2012,309.00,302.00,,
,12/29/2012,227.00,219.00,,
,12/30/2012,150.00,162.00,,
,12/31/2012,257.00,254.00,,
,1/1/2013,145.00,150.00,,
,1/2/2013,331.00,336.00,,
,1/3/2013,374.00,367.00,,
,1/4/2013,387.00,380.00,,
,1/5/2013,213.00,211.00,,
,1/6/2013,154.00,165.00,,
,1/7/2013,379.00,379.00,,
,1/8/2013,399.00,389.00,,
,1/9/2013,401.00,386.00,,
,1/10/2013,442.00,402.00,,
,1/11/2013,399.00,398.00,,
,1/12/2013,211.00,213.00,,
,1/13/2013,169.00,172.00,,
,1/14/2013,383.00,382.00,,
,1/15/2013,412.00,403.00,,
,1/16/2013,407.00,408.00,,
,1/17/2013,405.00,411.00,,
,1/18/2013,380.00,373.00,,
,1/19/2013,218.00,215.00,,
,1/20/2013,147.00,147.00,,
,1/21/2013,276.00,272.00,,
,1/22/2013,385.00,385.00,,
,1/23/2013,379.00,380.00,,
,1/24/2013,407.00,402.00,,
,1/25/2013,387.00,387.00,,
,1/26/2013,191.00,199.00,,
,1/27/2013,157.00,159.00,,
,1/28/2013,389.00,352.00,,
,1/29/2013,405.00,390.00,,
,1/30/2013,389.00,390.00,,
,1/31/2013,430.00,419.00,,
,2/1/2013,355.00,351.00,,
,2/2/2013,212.00,203.00,,
,2/3/2013,149.00,154.00,,
,2/4/2013,376.00,378.00,,
,2/5/2013,391.00,393.00,,
,2/6/2013,414.00,406.00,,
,2/7/2013,388.00,389.00,,
,2/8/2013,374.00,370.00,,
,2/9/2013,212.00,212.00,,
,2/10/2013,163.00,157.00,,
,2/11/2013,383.00,391.00,,
,2/12/2013,399.00,390.00,,
,2/13/2013,394.00,400.00,,
,2/14/2013,395.00,391.00,,
,2/15/2013,370.00,359.00,,
,2/16/2013,217.00,218.00,,
,2/17/2013,146.00,160.00,,
,2/18/2013,279.00,272.00,,
,2/19/2013,388.00,382.00,,
,2/20/2013,375.00,378.00,,
,2/21/2013,403.00,405.00,,
,2/22/2013,392.00,377.00,,
,2/23/2013,198.00,207.00,,
,2/24/2013,150.00,159.00,,
,2/25/2013,386.00,379.00,,
,2/26/2013,405.00,401.00,,
,2/27/2013,407.00,408.00,,
,2/28/2013,395.00,389.00,,
,3/1/2013,353.00,341.00,,
,3/2/2013,215.00,218.00,,
,3/3/2013,150.00,167.00,,
,3/4/2013,377.00,371.00,,
,3/5/2013,405.00,400.00,,
,3/6/2013,405.00,403.00,,
,3/7/2013,417.00,424.00,,
,3/8/2013,386.00,377.00,,
,3/9/2013,223.00,229.00,,
,3/10/2013,167.00,173.00,,
,3/11/2013,391.00,391.00,,
,3/12/2013,415.00,409.00,,
,3/13/2013,405.00,404.00,,
,3/14/2013,410.00,413.00,,
,3/15/2013,407.00,399.00,,
,3/16/2013,209.00,197.00,,
,3/17/2013,181.00,194.00,,
,3/18/2013,420.00,410.00,,
,3/19/2013,423.00,424.00,,
,3/20/2013,408.00,408.00,,
,3/21/2013,424.00,419.00,,
,3/22/2013,393.00,392.00,,
,3/23/2013,232.00,234.00,,
,3/24/2013,176.00,189.00,,
,3/25/2013,399.00,384.00,,
,3/26/2013,402.00,407.00,,
,3/27/2013,402.00,397.00,,
,3/28/2013,402.00,405.00,,
,3/29/2013,365.00,354.00,,
,3/30/2013,221.00,227.00,,
,3/31/2013,116.00,138.00,,
,4/1/2013,334.00,324.00,,
,4/2/2013,418.00,406.00,,
,4/3/2013,420.00,410.00,,
,4/4/2013,411.00,417.00,,
,4/5/2013,405.00,391.00,,
,4/6/2013,229.00,235.00,,
,4/7/2013,184.00,187.00,,
,4/8/2013,389.00,392.00,,
,4/9/2013,422.00,416.00,,
,4/10/2013,414.00,411.00,,
,4/11/2013,424.00,419.00,,
,4/12/2013,394.00,386.00,,
,4/13/2013,215.00,231.00,,
,4/14/2013,211.00,212.00,,
,4/15/2013,420.00,416.00,,
,4/16/2013,414.00,410.00,,
,4/17/2013,419.00,428.00,,
,4/18/2013,427.00,415.00,,
,4/19/2013,410.00,416.00,,
,4/20/2013,233.00,233.00,,
,4/21/2013,169.00,182.00,,
,4/22/2013,400.00,389.00,,
,4/23/2013,441.00,431.00,,
,4/24/2013,423.00,432.00,,
,4/25/2013,425.00,423.00,,
,4/26/2013,417.00,412.00,,
,4/27/2013,243.00,239.00,,
,4/28/2013,191.00,201.00,,
,4/29/2013,400.00,399.00,,
,4/30/2013,429.00,433.00,,
,5/1/2013,409.00,410.00,,
,5/2/2013,419.00,412.00,,
,5/3/2013,394.00,379.00,,
,5/4/2013,240.00,241.00,,
,5/5/2013,177.00,189.00,,
,5/6/2013,390.00,388.00,,
,5/7/2013,432.00,426.00,,
,5/8/2013,436.00,441.00,,
,5/9/2013,431.00,438.00,,
,5/10/2013,407.00,398.00,,
,5/11/2013,239.00,244.00,,
,5/12/2013,176.00,175.00,,
,5/13/2013,415.00,409.00,,
,5/14/2013,427.00,429.00,,
,5/15/2013,408.00,414.00,,
,5/16/2013,440.00,434.00,,
,5/17/2013,421.00,412.00,,
,5/18/2013,240.00,236.00,,
,5/19/2013,142.00,155.00,,
,5/20/2013,424.00,413.00,,
,5/21/2013,422.00,424.00,,
,5/22/2013,425.00,431.00,,
,5/23/2013,438.00,440.00,,
,5/24/2013,384.00,376.00,,
,5/25/2013,239.00,232.00,,
,5/26/2013,179.00,196.00,,
,5/27/2013,199.00,196.00,,
,5/28/2013,425.00,417.00,,
,5/29/2013,441.00,436.00,,
,5/30/2013,424.00,437.00,,
,5/31/2013,425.00,417.00,,
Transient,4/1/2011,"5,122.00","4,692.00",,
,4/2/2011,"5,991.00","5,826.00",,
,4/3/2011,"5,036.00","5,485.00",,
,4/4/2011,"2,215.00","2,258.00",,
,4/5/2011,"2,743.00","2,704.00",,
,4/6/2011,"2,757.00","2,728.00",,
,4/7/2011,"2,954.00","2,901.00",,
,4/8/2011,"3,677.00","3,510.00",,
,4/9/2011,"4,949.00","4,774.00",,
,4/10/2011,"3,363.00","3,609.00",,
,4/11/2011,"2,861.00","2,823.00",,
,4/12/2011,"3,522.00","3,342.00",,
,4/13/2011,"3,309.00","3,420.00",,
,4/14/2011,"3,108.00","3,035.00",,
,4/15/2011,"4,171.00","3,876.00",,
,4/16/2011,"5,362.00","5,296.00",,
,4/17/2011,"3,243.00","3,492.00",,
,4/18/2011,"2,462.00","2,447.00",,
,4/19/2011,"2,859.00","2,837.00",,
,4/20/2011,"2,902.00","2,829.00",,
,4/21/2011,"3,289.00","3,237.00",,
,4/22/2011,"4,499.00","4,148.00",,
,4/23/2011,"5,092.00","5,090.00",,
,4/24/2011,"1,969.00","2,293.00",,
,4/25/2011,"2,779.00","2,768.00",,
,4/26/2011,"2,926.00","2,902.00",,
,4/27/2011,"3,294.00","3,249.00",,
,4/28/2011,"3,910.00","3,807.00",,
,4/29/2011,"4,488.00","4,188.00",,
,4/30/2011,"5,586.00","5,560.00",,
,5/1/2011,"3,328.00","3,632.00",,
,5/2/2011,"2,345.00","2,331.00",,
,5/3/2011,"2,700.00","2,677.00",,
,5/4/2011,"3,130.00","3,080.00",,
,5/5/2011,"3,276.00","3,152.00",,
,5/6/2011,"4,428.00","4,117.00",,
,5/7/2011,"5,555.00","5,460.00",,
,5/8/2011,"3,711.00","4,033.00",,
,5/9/2011,"2,778.00","2,719.00",,
,5/10/2011,"4,182.00","4,125.00",,
,5/11/2011,"3,727.00","3,679.00",,
,5/12/2011,"3,398.00","3,418.00",,
,5/13/2011,"4,111.00","3,907.00",,
,5/14/2011,"6,039.00","5,866.00",,
,5/15/2011,"3,185.00","3,467.00",,
,5/16/2011,"3,051.00","2,985.00",,
,5/17/2011,"3,154.00","3,164.00",,
,5/18/2011,"3,378.00","3,227.00",,
,5/19/2011,"3,661.00","3,624.00",,
,5/20/2011,"4,358.00","4,130.00",,
,5/21/2011,"5,668.00","5,423.00",,
,5/22/2011,"3,662.00","4,037.00",,
,5/23/2011,"2,954.00","2,948.00",,
,5/24/2011,"3,212.00","3,158.00",,
,5/25/2011,"3,717.00","3,615.00",,
,5/26/2011,"4,287.00","4,229.00",,
,5/27/2011,"4,308.00","4,150.00",,
,5/28/2011,"5,658.00","5,490.00",,
,5/29/2011,"4,004.00","4,147.00",,
,5/30/2011,"3,905.00","4,012.00",,
,5/31/2011,"2,794.00","2,753.00",,
,6/1/2011,"3,087.00","3,038.00",,
,6/2/2011,"3,442.00","3,370.00",,
,6/3/2011,"4,336.00","4,051.00",,
,6/4/2011,"6,194.00","6,049.00",,
,6/5/2011,"4,994.00","5,292.00",,
,6/6/2011,"3,452.00","3,454.00",,
,6/7/2011,"3,649.00","3,559.00",,
,6/8/2011,"3,730.00","3,723.00",,
,6/9/2011,"4,413.00","4,306.00",,
,6/10/2011,"4,443.00","4,174.00",,
,6/11/2011,"5,051.00","4,999.00",,
,6/12/2011,"3,194.00","3,498.00",,
,6/13/2011,"2,794.00","2,760.00",,
,6/14/2011,"3,468.00","3,473.00",,
,6/15/2011,"3,506.00","3,433.00",,
,6/16/2011,"4,260.00","4,156.00",,
,6/17/2011,"4,439.00","4,296.00",,
,6/18/2011,"5,004.00","4,863.00",,
,6/19/2011,"3,234.00","3,446.00",,
,6/20/2011,"2,767.00","2,743.00",,
,6/21/2011,"3,601.00","3,535.00",,
,6/22/2011,"4,198.00","4,043.00",,
,6/23/2011,"4,434.00","4,457.00",,
,6/24/2011,"4,653.00","4,357.00",,
,6/25/2011,"4,684.00","4,539.00",,
,6/26/2011,"3,387.00","3,669.00",,
,6/27/2011,"2,750.00","2,810.00",,
,6/28/2011,"3,341.00","3,137.00",,
,6/29/2011,"3,470.00","3,472.00",,
,6/30/2011,"4,383.00","4,304.00",,
,7/1/2011,"4,285.00","4,100.00",,
,7/2/2011,"4,617.00","4,546.00",,
,7/3/2011,"3,615.00","3,537.00",,
,7/4/2011,"2,285.00","2,550.00",,
,7/5/2011,"3,118.00","3,086.00",,
,7/6/2011,"2,907.00","2,842.00",,
,7/7/2011,"3,484.00","3,377.00",,
,7/8/2011,"4,245.00","3,999.00",,
,7/9/2011,"5,266.00","5,158.00",,
,7/10/2011,"3,132.00","3,460.00",,
,7/11/2011,"3,434.00","3,381.00",,
,7/12/2011,"4,989.00","4,886.00",,
,7/13/2011,"4,824.00","4,746.00",,
,7/14/2011,"6,056.00","5,490.00",,
,7/15/2011,"5,480.00","5,645.00",,
,7/16/2011,"6,129.00","5,993.00",,
,7/17/2011,"4,159.00","4,483.00",,
,7/18/2011,"2,952.00","2,950.00",,
,7/19/2011,"3,344.00","3,297.00",,
,7/20/2011,"3,371.00","3,322.00",,
,7/21/2011,"3,689.00","3,644.00",,
,7/22/2011,"4,309.00","4,063.00",,
,7/23/2011,"5,297.00","5,230.00",,
,7/24/2011,"3,744.00","3,956.00",,
,7/25/2011,"2,876.00","2,844.00",,
,7/26/2011,"3,172.00","3,127.00",,
,7/27/2011,"3,032.00","2,997.00",,
,7/28/2011,"3,707.00","3,652.00",,
,7/29/2011,"4,418.00","4,159.00",,
,7/30/2011,"5,475.00","5,363.00",,
,7/31/2011,"3,859.00","4,050.00",,
,8/1/2011,"2,825.00","2,782.00",,
,8/2/2011,"3,208.00","3,149.00",,
,8/3/2011,"3,147.00","3,102.00",,
,8/4/2011,"3,872.00","3,819.00",,
,8/5/2011,"4,384.00","4,134.00",,
,8/6/2011,"5,721.00","5,687.00",,
,8/7/2011,"4,445.00","4,597.00",,
,8/8/2011,"3,613.00","3,578.00",,
,8/9/2011,"3,820.00","3,738.00",,
,8/10/2011,"3,506.00","3,472.00",,
,8/11/2011,"3,942.00","3,842.00",,
,8/12/2011,"4,453.00","4,040.00",,
,8/13/2011,"5,785.00","5,688.00",,
,8/14/2011,"4,478.00","4,818.00",,
,8/15/2011,"2,890.00","2,893.00",,
,8/16/2011,"3,425.00","3,375.00",,
,8/17/2011,"3,484.00","3,445.00",,
,8/18/2011,"3,775.00","3,684.00",,
,8/19/2011,"4,239.00","4,040.00",,
,8/20/2011,"5,098.00","5,008.00",,
,8/21/2011,"3,507.00","3,753.00",,
,8/22/2011,"2,776.00","2,744.00",,
,8/23/2011,"3,135.00","3,117.00",,
,8/24/2011,"3,139.00","3,067.00",,
,8/25/2011,"3,761.00","3,616.00",,
,8/26/2011,"4,010.00","3,852.00",,
,8/27/2011,"5,438.00","5,071.00",,
,8/28/2011,"3,653.00","4,151.00",,
,8/29/2011,"3,083.00","3,063.00",,
,8/30/2011,"4,057.00","3,947.00",,
,8/31/2011,"4,624.00","4,366.00",,
,9/1/2011,"5,069.00","5,111.00",,
,9/2/2011,"4,575.00","4,419.00",,
,9/3/2011,"4,958.00","4,745.00",,
,9/4/2011,"4,092.00","4,259.00",,
,9/5/2011,"3,740.00","3,945.00",,
,9/6/2011,"2,939.00","2,879.00",,
,9/7/2011,"2,466.00","2,428.00",,
,9/8/2011,"3,437.00","3,372.00",,
,9/9/2011,"3,805.00","3,597.00",,
,9/10/2011,"4,810.00","4,715.00",,
,9/11/2011,"2,876.00","3,031.00",,
,9/12/2011,"2,670.00","2,607.00",,
,9/13/2011,"3,567.00","3,476.00",,
,9/14/2011,"3,806.00","3,771.00",,
,9/15/2011,"3,817.00","3,790.00",,
,9/16/2011,"4,186.00","3,891.00",,
,9/17/2011,"5,199.00","4,830.00",,
,9/18/2011,"2,839.00","3,355.00",,
,9/19/2011,"2,574.00","2,554.00",,
,9/20/2011,"2,905.00","2,855.00",,
,9/21/2011,"3,242.00","3,181.00",,
,9/22/2011,"4,556.00","4,355.00",,
,9/23/2011,"5,625.00","5,443.00",,
,9/24/2011,"6,137.00","6,096.00",,
,9/25/2011,"3,180.00","3,453.00",,
,9/26/2011,"2,362.00","2,325.00",,
,9/27/2011,"2,900.00","2,855.00",,
,9/28/2011,"2,741.00","2,729.00",,
,9/29/2011,"3,325.00","3,240.00",,
,9/30/2011,"4,068.00","3,891.00",,
,10/1/2011,"5,243.00","5,074.00",,
,10/2/2011,"3,887.00","4,115.00",,
,10/3/2011,"3,917.00","3,881.00",,
,10/4/2011,"4,196.00","4,122.00",,
,10/5/2011,"4,368.00","4,076.00",,
,10/6/2011,"3,715.00","3,922.00",,
,10/7/2011,"3,880.00","3,673.00",,
,10/8/2011,"4,173.00","4,095.00",,
,10/9/2011,"2,994.00","3,159.00",,
,10/10/2011,"3,166.00","3,166.00",,
,10/11/2011,"2,818.00","2,769.00",,
,10/12/2011,"3,512.00","3,433.00",,
,10/13/2011,"3,701.00","3,661.00",,
,10/14/2011,"4,191.00","3,991.00",,
,10/15/2011,"5,711.00","5,555.00",,
,10/16/2011,"4,965.00","5,034.00",,
,10/17/2011,"2,633.00","2,686.00",,
,10/18/2011,"3,249.00","3,183.00",,
,10/19/2011,"3,183.00","3,117.00",,
,10/20/2011,"3,600.00","3,506.00",,
,10/21/2011,"3,926.00","3,840.00",,
,10/22/2011,"5,587.00","5,415.00",,
,10/23/2011,"3,405.00","3,666.00",,
,10/24/2011,"2,608.00","2,584.00",,
,10/25/2011,"3,137.00","3,104.00",,
,10/26/2011,"3,306.00","3,229.00",,
,10/27/2011,"3,696.00","3,634.00",,
,10/28/2011,"4,063.00","3,828.00",,
,10/29/2011,"5,145.00","4,875.00",,
,10/30/2011,"2,959.00","3,388.00",,
,10/31/2011,"2,394.00","2,377.00",,
,11/1/2011,"3,194.00","3,124.00",,
,11/2/2011,"3,484.00","3,426.00",,
,11/3/2011,"4,138.00","4,083.00",,
,11/4/2011,"4,485.00","4,326.00",,
,11/5/2011,"6,181.00","6,108.00",,
,11/6/2011,"4,219.00","4,368.00",,
,11/7/2011,"3,060.00","3,036.00",,
,11/8/2011,"3,258.00","3,199.00",,
,11/9/2011,"3,592.00","3,546.00",,
,11/10/2011,"4,339.00","4,217.00",,
,11/11/2011,"5,913.00","5,668.00",,
,11/12/2011,"6,052.00","6,056.00",,
,11/13/2011,"4,078.00","4,229.00",,
,11/14/2011,"2,909.00","2,877.00",,
,11/15/2011,"3,428.00","3,292.00",,
,11/16/2011,"3,888.00","3,851.00",,
,11/17/2011,"3,787.00","3,669.00",,
,11/18/2011,"5,155.00","4,999.00",,
,11/19/2011,"7,633.00","7,486.00",,
,11/20/2011,"5,832.00","6,068.00",,
,11/21/2011,"4,126.00","4,063.00",,
,11/22/2011,"4,615.00","4,391.00",,
,11/23/2011,"4,806.00","4,888.00",,
,11/24/2011,"1,850.00","1,607.00",,
,11/25/2011,"8,061.00","7,929.00",,
,11/26/2011,"6,952.00","6,902.00",,
,11/27/2011,"4,914.00","5,080.00",,
,11/28/2011,"2,513.00","2,526.00",,
,11/29/2011,"2,991.00","2,930.00",,
,11/30/2011,"3,120.00","3,097.00",,
,12/1/2011,"4,481.00","4,385.00",,
,12/2/2011,"4,861.00","4,547.00",,
,12/3/2011,"7,001.00","6,652.00",,
,12/4/2011,"4,567.00","5,026.00",,
,12/5/2011,"3,045.00","3,003.00",,
,12/6/2011,"3,651.00","3,603.00",,
,12/7/2011,"3,911.00","3,848.00",,
,12/8/2011,"4,359.00","4,301.00",,
,12/9/2011,"5,861.00","5,448.00",,
,12/10/2011,"7,926.00","7,568.00",,
,12/11/2011,"4,869.00","5,463.00",,
,12/12/2011,"3,581.00","3,466.00",,
,12/13/2011,"3,926.00","3,898.00",,
,12/14/2011,"4,499.00","4,332.00",,
,12/15/2011,"5,506.00","5,359.00",,
,12/16/2011,"6,727.00","6,385.00",,
,12/17/2011,"7,815.00","7,726.00",,
,12/18/2011,"6,350.00","6,672.00",,
,12/19/2011,"5,159.00","5,125.00",,
,12/20/2011,"6,241.00","6,174.00",,
,12/21/2011,"6,592.00","6,524.00",,
,12/22/2011,"6,777.00","6,609.00",,
,12/23/2011,"7,648.00","7,487.00",,
,12/24/2011,"4,246.00","4,349.00",,
,12/25/2011,"2,144.00","2,100.00",,
,12/26/2011,"7,002.00","6,890.00",,
,12/27/2011,"5,890.00","5,808.00",,
,12/28/2011,"5,372.00","5,352.00",,
,12/29/2011,"6,024.00","5,771.00",,
,12/30/2011,"6,686.00","6,690.00",,
,12/31/2011,"5,697.00","4,549.00",,
,1/1/2012,"3,478.00","4,651.00",,
,1/2/2012,"4,855.00","4,881.00",,
,1/3/2012,"2,895.00","2,787.00",,
,1/4/2012,"2,949.00","2,915.00",,
,1/5/2012,"3,368.00","3,333.00",,
,1/6/2012,"4,407.00","3,974.00",,
,1/7/2012,"5,752.00","5,897.00",,
,1/8/2012,"3,572.00","3,795.00",,
,1/9/2012,"2,720.00","2,698.00",,
,1/10/2012,"3,108.00","3,042.00",,
,1/11/2012,"3,082.00","3,042.00",,
,1/12/2012,"3,537.00","3,489.00",,
,1/13/2012,"4,156.00","3,986.00",,
,1/14/2012,"4,752.00","4,608.00",,
,1/15/2012,"5,438.00","5,557.00",,
,1/16/2012,"5,187.00","5,197.00",,
,1/17/2012,"4,558.00","4,464.00",,
,1/18/2012,"3,115.00","3,060.00",,
,1/19/2012,"3,539.00","3,434.00",,
,1/20/2012,"3,965.00","3,817.00",,
,1/21/2012,"6,347.00","6,098.00",,
,1/22/2012,"2,934.00","3,200.00",,
,1/23/2012,"2,823.00","2,779.00",,
,1/24/2012,"3,764.00","3,688.00",,
,1/25/2012,"4,190.00","4,054.00",,
,1/26/2012,"4,910.00","4,896.00",,
,1/27/2012,"5,165.00","4,928.00",,
,1/28/2012,"6,764.00","6,625.00",,
,1/29/2012,"3,425.00","3,628.00",,
,1/30/2012,"2,506.00","2,502.00",,
,1/31/2012,"2,829.00","2,775.00",,
,2/1/2012,"3,195.00","3,141.00",,
,2/2/2012,"3,254.00","3,170.00",,
,2/3/2012,"3,840.00","3,688.00",,
,2/4/2012,"5,567.00","5,355.00",,
,2/5/2012,"2,436.00","2,687.00",,
,2/6/2012,"2,621.00","2,569.00",,
,2/7/2012,"3,455.00","3,411.00",,
,2/8/2012,"3,588.00","3,517.00",,
,2/9/2012,"4,108.00","3,985.00",,
,2/10/2012,"5,139.00","4,805.00",,
,2/11/2012,"7,083.00","7,017.00",,
,2/12/2012,"3,830.00","4,138.00",,
,2/13/2012,"3,145.00","3,116.00",,
,2/14/2012,"4,020.00","3,765.00",,
,2/15/2012,"3,398.00","3,466.00",,
,2/16/2012,"3,320.00","3,267.00",,
,2/17/2012,"4,338.00","4,142.00",,
,2/18/2012,"5,001.00","4,800.00",,
,2/19/2012,"4,051.00","4,217.00",,
,2/20/2012,"4,722.00","4,716.00",,
,2/21/2012,"3,719.00","3,653.00",,
,2/22/2012,"3,606.00","3,566.00",,
,2/23/2012,"3,672.00","3,595.00",,
,2/24/2012,"4,267.00","4,007.00",,
,2/25/2012,"5,268.00","5,191.00",,
,2/26/2012,"3,243.00","3,493.00",,
,2/27/2012,"3,426.00","3,361.00",,
,2/28/2012,"4,674.00","4,546.00",,
,2/29/2012,"4,609.00","4,513.00",,
,3/1/2012,"4,602.00","4,447.00",,
,3/2/2012,"4,075.00","4,006.00",,
,3/3/2012,"5,257.00","5,009.00",,
,3/4/2012,"3,787.00","4,035.00",,
,3/5/2012,"3,055.00","3,019.00",,
,3/6/2012,"3,934.00","3,812.00",,
,3/7/2012,"4,790.00","4,670.00",,
,3/8/2012,"5,059.00","4,909.00",,
,3/9/2012,"5,029.00","4,941.00",,
,3/10/2012,"5,315.00","5,227.00",,
,3/11/2012,"3,952.00","4,090.00",,
,3/12/2012,"2,724.00","2,675.00",,
,3/13/2012,"3,030.00","3,001.00",,
,3/14/2012,"3,264.00","3,183.00",,
,3/15/2012,"5,055.00","4,917.00",,
,3/16/2012,"4,438.00","4,284.00",,
,3/17/2012,"5,799.00","5,586.00",,
,3/18/2012,"3,927.00","4,157.00",,
,3/19/2012,"2,796.00","2,716.00",,
,3/20/2012,"3,431.00","3,367.00",,
,3/21/2012,"3,353.00","3,299.00",,
,3/22/2012,"3,826.00","3,659.00",,
,3/23/2012,"4,959.00","4,667.00",,
,3/24/2012,"6,680.00","6,544.00",,
,3/25/2012,"4,242.00","4,554.00",,
,3/26/2012,"2,934.00","2,961.00",,
,3/27/2012,"3,448.00","3,404.00",,
,3/28/2012,"3,999.00","3,914.00",,
,3/29/2012,"4,196.00","4,125.00",,
,3/30/2012,"4,730.00","4,468.00",,
,3/31/2012,"6,251.00","6,121.00",,
,4/1/2012,"4,209.00","4,503.00",,
,4/2/2012,"3,130.00","3,049.00",,
,4/3/2012,"4,421.00","4,330.00",,
,4/4/2012,"4,331.00","4,303.00",,
,4/5/2012,"3,870.00","3,762.00",,
,4/6/2012,"4,531.00","4,292.00",,
,4/7/2012,"5,088.00","5,030.00",,
,4/8/2012,"1,888.00","2,123.00",,
,4/9/2012,"3,286.00","3,227.00",,
,4/10/2012,"3,393.00","3,351.00",,
,4/11/2012,"3,717.00","3,663.00",,
,4/12/2012,"3,876.00","3,790.00",,
,4/13/2012,"4,709.00","4,415.00",,
,4/14/2012,"5,771.00","5,627.00",,
,4/15/2012,"3,629.00","3,954.00",,
,4/16/2012,"2,865.00","2,856.00",,
,4/17/2012,"3,506.00","3,425.00",,
,4/18/2012,"3,644.00","3,399.00",,
,4/19/2012,"4,004.00","4,117.00",,
,4/20/2012,"4,297.00","4,042.00",,
,4/21/2012,"5,585.00","5,459.00",,
,4/22/2012,"3,581.00","3,860.00",,
,4/23/2012,"2,812.00","2,730.00",,
,4/24/2012,"3,173.00","3,126.00",,
,4/25/2012,"3,657.00","3,633.00",,
,4/26/2012,"3,880.00","3,846.00",,
,4/27/2012,"4,465.00","4,255.00",,
,4/28/2012,"5,463.00","5,320.00",,
,4/29/2012,"3,554.00","3,813.00",,
,4/30/2012,"3,024.00","2,992.00",,
,5/1/2012,"3,414.00","3,343.00",,
,5/2/2012,"3,518.00","3,460.00",,
,5/3/2012,"4,437.00","3,991.00",,
,5/4/2012,"4,885.00","4,782.00",,
,5/5/2012,"5,724.00","5,516.00",,
,5/6/2012,"3,888.00","4,356.00",,
,5/7/2012,"3,139.00","3,117.00",,
,5/8/2012,"3,497.00","3,473.00",,
,5/9/2012,"3,833.00","3,749.00",,
,5/10/2012,"4,439.00","4,381.00",,
,5/11/2012,"5,002.00","4,588.00",,
,5/12/2012,"5,902.00","5,871.00",,
,5/13/2012,"4,287.00","4,556.00",,
,5/14/2012,"3,535.00","3,492.00",,
,5/15/2012,"4,533.00","4,439.00",,
,5/16/2012,"4,054.00","3,979.00",,
,5/17/2012,"4,323.00","4,220.00",,
,5/18/2012,"4,584.00","4,365.00",,
,5/19/2012,"5,506.00","5,328.00",,
,5/20/2012,"2,788.00","3,096.00",,
,5/21/2012,"3,101.00","3,058.00",,
,5/22/2012,"3,772.00","3,698.00",,
,5/23/2012,"4,026.00","3,945.00",,
,5/24/2012,"4,331.00","4,212.00",,
,5/25/2012,"4,484.00","4,315.00",,
,5/26/2012,"5,174.00","5,008.00",,
,5/27/2012,"3,788.00","3,725.00",,
,5/28/2012,"3,669.00","3,907.00",,
,5/29/2012,"3,097.00","3,076.00",,
,5/30/2012,"3,483.00","3,414.00",,
,5/31/2012,"3,735.00","3,613.00",,
,6/1/2012,"4,670.00","4,361.00",,
,6/2/2012,"5,726.00","5,456.00",,
,6/3/2012,"3,712.00","4,040.00",,
,6/4/2012,"3,703.00","3,640.00",,
,6/5/2012,"3,978.00","3,900.00",,
,6/6/2012,"3,962.00","3,965.00",,
,6/7/2012,"4,257.00","3,932.00",,
,6/8/2012,"5,160.00","4,868.00",,
,6/9/2012,"5,858.00","5,685.00",,
,6/10/2012,"5,005.00","5,365.00",,
,6/11/2012,"3,893.00","3,787.00",,
,6/12/2012,"4,567.00","4,507.00",,
,6/13/2012,"4,689.00","4,553.00",,
,6/14/2012,"5,460.00","5,320.00",,
,6/15/2012,"5,651.00","5,320.00",,
,6/16/2012,"5,694.00","5,715.00",,
,6/17/2012,"3,962.00","4,257.00",,
,6/18/2012,"3,473.00","3,443.00",,
,6/19/2012,"3,988.00","3,920.00",,
,6/20/2012,"3,871.00","3,789.00",,
,6/21/2012,"4,867.00","4,615.00",,
,6/22/2012,"5,439.00","5,106.00",,
,6/23/2012,"5,522.00","5,332.00",,
,6/24/2012,"4,183.00","4,497.00",,
,6/25/2012,"3,474.00","3,445.00",,
,6/26/2012,"3,953.00","3,871.00",,
,6/27/2012,"5,204.00","5,016.00",,
,6/28/2012,"6,137.00","5,803.00",,
,6/29/2012,"5,661.00","5,312.00",,
,6/30/2012,"6,187.00","6,190.00",,
,7/1/2012,"4,227.00","4,698.00",,
,7/2/2012,"3,603.00","3,446.00",,
,7/3/2012,"4,524.00","4,173.00",,
,7/4/2012,"3,111.00","3,391.00",,
,7/5/2012,"3,727.00","3,664.00",,
,7/6/2012,"4,545.00","4,272.00",,
,7/7/2012,"5,164.00","5,077.00",,
,7/8/2012,"3,808.00","4,114.00",,
,7/9/2012,"3,460.00","3,408.00",,
,7/10/2012,"5,288.00","5,132.00",,
,7/11/2012,"5,527.00","5,416.00",,
,7/12/2012,"5,643.00","5,647.00",,
,7/13/2012,"4,927.00","4,704.00",,
,7/14/2012,"5,790.00","5,592.00",,
,7/15/2012,"3,727.00","4,057.00",,
,7/16/2012,"3,253.00","3,232.00",,
,7/17/2012,"3,783.00","3,703.00",,
,7/18/2012,"3,718.00","3,614.00",,
,7/19/2012,"4,510.00","4,106.00",,
,7/20/2012,"5,580.00","5,502.00",,
,7/21/2012,"6,296.00","6,116.00",,
,7/22/2012,"4,714.00","5,027.00",,
,7/23/2012,"3,520.00","3,564.00",,
,7/24/2012,"4,056.00","3,988.00",,
,7/25/2012,"4,203.00","4,105.00",,
,7/26/2012,"4,400.00","4,333.00",,
,7/27/2012,"4,807.00","4,536.00",,
,7/28/2012,"6,228.00","6,100.00",,
,7/29/2012,"4,212.00","4,516.00",,
,7/30/2012,"3,501.00","3,441.00",,
,7/31/2012,"3,725.00","3,676.00",,
,8/1/2012,"3,852.00","3,752.00",,
,8/2/2012,"4,176.00","4,035.00",,
,8/3/2012,"5,253.00","4,549.00",,
,8/4/2012,"6,216.00","6,571.00",,
,8/5/2012,"4,734.00","4,992.00",,
,8/6/2012,"3,589.00","3,497.00",,
,8/7/2012,"4,149.00","4,132.00",,
,8/8/2012,"3,706.00","3,615.00",,
,8/9/2012,"4,230.00","4,097.00",,
,8/10/2012,"4,553.00","4,192.00",,
,8/11/2012,"6,281.00","6,051.00",,
,8/12/2012,"4,606.00","4,975.00",,
,8/13/2012,"3,248.00","3,056.00",,
,8/14/2012,"3,737.00","3,668.00",,
,8/15/2012,"4,011.00","3,943.00",,
,8/16/2012,"4,292.00","4,159.00",,
,8/17/2012,"4,699.00","4,449.00",,
,8/18/2012,"5,741.00","5,598.00",,
,8/19/2012,"4,321.00","4,645.00",,
,8/20/2012,"3,242.00","3,257.00",,
,8/21/2012,"3,394.00","3,328.00",,
,8/22/2012,"3,457.00","3,414.00",,
,8/23/2012,"3,953.00","3,794.00",,
,8/24/2012,"4,818.00","4,684.00",,
,8/25/2012,"5,693.00","5,501.00",,
,8/26/2012,"4,181.00","4,432.00",,
,8/27/2012,"4,074.00","4,039.00",,
,8/28/2012,"4,682.00","4,623.00",,
,8/29/2012,"4,580.00","4,484.00",,
,8/30/2012,"3,848.00","3,847.00",,
,8/31/2012,"4,114.00","3,880.00",,
,9/1/2012,"5,190.00","4,981.00",,
,9/2/2012,"3,937.00","4,075.00",,
,9/3/2012,"3,496.00","3,680.00",,
,9/4/2012,"2,942.00","2,909.00",,
,9/5/2012,"3,015.00","2,953.00",,
,9/6/2012,"3,688.00","3,622.00",,
,9/7/2012,"3,996.00","3,768.00",,
,9/8/2012,"4,960.00","4,909.00",,
,9/9/2012,"3,089.00","3,243.00",,
,9/10/2012,"3,235.00","3,158.00",,
,9/11/2012,"4,129.00","4,072.00",,
,9/12/2012,"4,342.00","4,286.00",,
,9/13/2012,"4,536.00","4,500.00",,
,9/14/2012,"4,864.00","4,629.00",,
,9/15/2012,"5,724.00","5,212.00",,
,9/16/2012,"3,495.00","4,126.00",,
,9/17/2012,"3,047.00","3,031.00",,
,9/18/2012,"4,104.00","4,007.00",,
,9/19/2012,"4,724.00","4,605.00",,
,9/20/2012,"5,013.00","4,882.00",,
,9/21/2012,"5,169.00","4,915.00",,
,9/22/2012,"5,901.00","5,599.00",,
,9/23/2012,"3,843.00","4,310.00",,
,9/24/2012,"3,057.00","3,057.00",,
,9/25/2012,"3,189.00","3,143.00",,
,9/26/2012,"3,534.00","3,415.00",,
,9/27/2012,"4,430.00","4,345.00",,
,9/28/2012,"4,837.00","4,615.00",,
,9/29/2012,"5,810.00","5,655.00",,
,9/30/2012,"4,454.00","4,704.00",,
,10/1/2012,"4,705.00","4,598.00",,
,10/2/2012,"4,723.00","4,645.00",,
,10/3/2012,"4,990.00","4,549.00",,
,10/4/2012,"4,316.00","4,633.00",,
,10/5/2012,"4,477.00","4,213.00",,
,10/6/2012,"3,758.00","3,711.00",,
,10/7/2012,"2,619.00","2,883.00",,
,10/8/2012,"2,755.00","2,720.00",,
,10/9/2012,"3,526.00","3,484.00",,
,10/10/2012,"3,980.00","3,872.00",,
,10/11/2012,"4,041.00","4,043.00",,
,10/12/2012,"5,456.00","5,106.00",,
,10/13/2012,"6,759.00","6,575.00",,
,10/14/2012,"5,201.00","5,507.00",,
,10/15/2012,"3,382.00","3,356.00",,
,10/16/2012,"4,021.00","3,957.00",,
,10/17/2012,"4,180.00","4,083.00",,
,10/18/2012,"5,110.00","4,939.00",,
,10/19/2012,"5,907.00","5,673.00",,
,10/20/2012,"6,544.00","6,335.00",,
,10/21/2012,"4,407.00","4,759.00",,
,10/22/2012,"3,137.00","3,117.00",,
,10/23/2012,"3,943.00","3,798.00",,
,10/24/2012,"4,140.00","4,069.00",,
,10/25/2012,"4,020.00","3,932.00",,
,10/26/2012,"5,164.00","5,037.00",,
,10/27/2012,"5,998.00","5,706.00",,
,10/28/2012,"4,377.00","4,754.00",,
,10/29/2012,"3,745.00","3,712.00",,
,10/30/2012,"4,074.00","3,953.00",,
,10/31/2012,"1,933.00","1,912.00",,
,11/1/2012,"4,432.00","4,354.00",,
,11/2/2012,"4,639.00","4,465.00",,
,11/3/2012,"6,666.00","6,422.00",,
,11/4/2012,"4,607.00","4,868.00",,
,11/5/2012,"3,016.00","3,000.00",,
,11/6/2012,"3,406.00","3,333.00",,
,11/7/2012,"4,198.00","4,052.00",,
,11/8/2012,"4,903.00","4,768.00",,
,11/9/2012,"6,505.00","5,899.00",,
,11/10/2012,"6,978.00","6,184.00",,
,11/11/2012,"6,245.00","6,803.00",,
,11/12/2012,"5,233.00","5,310.00",,
,11/13/2012,"4,155.00","4,102.00",,
,11/14/2012,"5,219.00","5,123.00",,
,11/15/2012,"5,895.00","5,621.00",,
,11/16/2012,"5,945.00","5,651.00",,
,11/17/2012,"7,620.00","7,355.00",,
,11/18/2012,"5,545.00","6,023.00",,
,11/19/2012,"3,888.00","3,816.00",,
,11/20/2012,"4,511.00","4,478.00",,
,11/21/2012,"5,286.00","4,988.00",,
,11/22/2012,"2,846.00","2,635.00",,
,11/23/2012,"7,725.00","7,701.00",,
,11/24/2012,"6,722.00","6,635.00",,
,11/25/2012,"5,578.00","5,828.00",,
,11/26/2012,"4,132.00","4,064.00",,
,11/27/2012,"4,069.00","4,017.00",,
,11/28/2012,"3,873.00","3,808.00",,
,11/29/2012,"4,904.00","4,785.00",,
,11/30/2012,"5,894.00","5,486.00",,
,12/1/2012,"7,950.00","7,738.00",,
,12/2/2012,"5,698.00","6,074.00",,
,12/3/2012,"4,101.00","4,042.00",,
,12/4/2012,"4,621.00","4,549.00",,
,12/5/2012,"4,568.00","4,477.00",,
,12/6/2012,"5,534.00","5,330.00",,
,12/7/2012,"6,690.00","6,111.00",,
,12/8/2012,"7,726.00","7,430.00",,
,12/9/2012,"5,405.00","5,989.00",,
,12/10/2012,"4,071.00","4,157.00",,
,12/11/2012,"4,429.00","4,314.00",,
,12/12/2012,"4,810.00","4,738.00",,
,12/13/2012,"6,268.00","5,811.00",,
,12/14/2012,"7,301.00","6,979.00",,
,12/15/2012,"8,332.00","8,159.00",,
,12/16/2012,"6,339.00","6,825.00",,
,12/17/2012,"5,496.00","5,443.00",,
,12/18/2012,"6,306.00","6,183.00",,
,12/19/2012,"6,106.00","6,068.00",,
,12/20/2012,"6,612.00","6,486.00",,
,12/21/2012,"7,377.00","7,019.00",,
,12/22/2012,"7,800.00","7,536.00",,
,12/23/2012,"6,203.00","6,472.00",,
,12/24/2012,"5,753.00","5,734.00",,
,12/25/2012,"2,796.00","2,628.00",,
,12/26/2012,"6,699.00","6,629.00",,
,12/27/2012,"6,138.00","5,999.00",,
,12/28/2012,"6,707.00","6,390.00",,
,12/29/2012,"6,806.00","6,722.00",,
,12/30/2012,"6,161.00","6,137.00",,
,12/31/2012,"6,049.00","5,050.00",,
,1/1/2013,"4,105.00","5,233.00",,
,1/2/2013,"3,877.00","3,850.00",,
,1/3/2013,"4,385.00","4,262.00",,
,1/4/2013,"5,298.00","5,057.00",,
,1/5/2013,"6,617.00","6,559.00",,
,1/6/2013,"4,813.00","5,011.00",,
,1/7/2013,"3,221.00","3,214.00",,
,1/8/2013,"3,434.00","3,390.00",,
,1/9/2013,"3,866.00","3,783.00",,
,1/10/2013,"4,305.00","4,192.00",,
,1/11/2013,"4,994.00","4,658.00",,
,1/12/2013,"5,538.00","5,498.00",,
,1/13/2013,"4,329.00","4,549.00",,
,1/14/2013,"3,096.00","3,056.00",,
,1/15/2013,"3,651.00","3,603.00",,
,1/16/2013,"3,728.00","3,682.00",,
,1/17/2013,"4,049.00","3,974.00",,
,1/18/2013,"4,844.00","4,616.00",,
,1/19/2013,"6,549.00","6,387.00",,
,1/20/2013,"4,884.00","5,065.00",,
,1/21/2013,"5,051.00","5,075.00",,
,1/22/2013,"4,590.00","4,542.00",,
,1/23/2013,"3,074.00","3,034.00",,
,1/24/2013,"3,445.00","3,372.00",,
,1/25/2013,"4,296.00","4,081.00",,
,1/26/2013,"6,320.00","6,052.00",,
,1/27/2013,"4,184.00","4,529.00",,
,1/28/2013,"2,919.00","2,854.00",,
,1/29/2013,"3,477.00","3,382.00",,
,1/30/2013,"3,530.00","3,490.00",,
,1/31/2013,"4,904.00","4,785.00",,
,2/1/2013,"5,714.00","5,356.00",,
,2/2/2013,"7,178.00","6,670.00",,
,2/3/2013,"2,652.00","2,881.00",,
,2/4/2013,"3,143.00","3,057.00",,
,2/5/2013,"4,023.00","3,951.00",,
,2/6/2013,"4,273.00","4,214.00",,
,2/7/2013,"4,624.00","4,587.00",,
,2/8/2013,"5,153.00","4,648.00",,
,2/9/2013,"5,728.00","5,639.00",,
,2/10/2013,"3,999.00","4,443.00",,
,2/11/2013,"3,020.00","2,996.00",,
,2/12/2013,"3,555.00","3,482.00",,
,2/13/2013,"4,184.00","4,068.00",,
,2/14/2013,"5,094.00","4,885.00",,
,2/15/2013,"4,819.00","4,644.00",,
,2/16/2013,"6,482.00","6,279.00",,
,2/17/2013,"5,134.00","5,364.00",,
,2/18/2013,"5,323.00","5,310.00",,
,2/19/2013,"4,379.00","4,290.00",,
,2/20/2013,"3,828.00","3,805.00",,
,2/21/2013,"4,424.00","4,157.00",,
,2/22/2013,"4,354.00","4,233.00",,
,2/23/2013,"6,698.00","6,301.00",,
,2/24/2013,"3,585.00","4,095.00",,
,2/25/2013,"3,736.00","3,663.00",,
,2/26/2013,"5,164.00","5,030.00",,
,2/27/2013,"5,577.00","5,487.00",,
,2/28/2013,"4,739.00","4,681.00",,
,3/1/2013,"4,368.00","4,170.00",,
,3/2/2013,"5,939.00","5,685.00",,
,3/3/2013,"4,160.00","4,459.00",,
,3/4/2013,"2,882.00","2,844.00",,
,3/5/2013,"3,497.00","3,455.00",,
,3/6/2013,"3,460.00","3,387.00",,
,3/7/2013,"3,668.00","3,588.00",,
,3/8/2013,"4,494.00","4,339.00",,
,3/9/2013,"6,083.00","5,848.00",,
,3/10/2013,"4,023.00","4,240.00",,
,3/11/2013,"3,314.00","3,284.00",,
,3/12/2013,"3,555.00","3,511.00",,
,3/13/2013,"3,374.00","3,295.00",,
,3/14/2013,"3,886.00","3,760.00",,
,3/15/2013,"4,278.00","4,153.00",,
,3/16/2013,"6,054.00","5,649.00",,
,3/17/2013,"3,857.00","4,256.00",,
,3/18/2013,"3,076.00","3,037.00",,
,3/19/2013,"3,759.00","3,686.00",,
,3/20/2013,"3,885.00","3,807.00",,
,3/21/2013,"4,218.00","4,135.00",,
,3/22/2013,"4,713.00","4,482.00",,
,3/23/2013,"6,432.00","6,067.00",,
,3/24/2013,"3,984.00","4,435.00",,
,3/25/2013,"3,559.00","3,471.00",,
,3/26/2013,"4,276.00","4,174.00",,
,3/27/2013,"4,935.00","4,779.00",,
,3/28/2013,"5,466.00","5,242.00",,
,3/29/2013,"5,880.00","5,583.00",,
,3/30/2013,"5,845.00","5,721.00",,
,3/31/2013,"2,733.00","3,114.00",,
,4/1/2013,"3,833.00","3,745.00",,
,4/2/2013,"4,021.00","3,941.00",,
,4/3/2013,"4,091.00","3,997.00",,
,4/4/2013,"4,759.00","4,475.00",,
,4/5/2013,"5,697.00","5,423.00",,
,4/6/2013,"7,045.00","6,940.00",,
,4/7/2013,"4,610.00","4,872.00",,
,4/8/2013,"3,587.00","3,534.00",,
,4/9/2013,"4,288.00","4,177.00",,
,4/10/2013,"4,028.00","4,001.00",,
,4/11/2013,"4,190.00","4,031.00",,
,4/12/2013,"4,657.00","4,342.00",,
,4/13/2013,"5,873.00","5,720.00",,
,4/14/2013,"3,347.00","3,692.00",,
,4/15/2013,"3,247.00","3,204.00",,
,4/16/2013,"3,773.00","3,664.00",,
,4/17/2013,"3,750.00","3,647.00",,
,4/18/2013,"4,097.00","4,041.00",,
,4/19/2013,"4,838.00","4,464.00",,
,4/20/2013,"5,927.00","5,832.00",,
,4/21/2013,"4,149.00","4,334.00",,
,4/22/2013,"3,160.00","3,256.00",,
,4/23/2013,"3,782.00","3,693.00",,
,4/24/2013,"4,057.00","3,989.00",,
,4/25/2013,"4,570.00","4,497.00",,
,4/26/2013,"5,020.00","4,681.00",,
,4/27/2013,"6,483.00","6,224.00",,
,4/28/2013,"4,272.00","4,689.00",,
,4/29/2013,"3,313.00","3,286.00",,
,4/30/2013,"3,687.00","3,607.00",,
,5/1/2013,"4,082.00","3,956.00",,
,5/2/2013,"4,253.00","4,092.00",,
,5/3/2013,"5,058.00","4,542.00",,
,5/4/2013,"6,523.00","6,397.00",,
,5/5/2013,"4,737.00","5,218.00",,
,5/6/2013,"3,504.00","3,504.00",,
,5/7/2013,"3,892.00","3,761.00",,
,5/8/2013,"4,230.00","4,116.00",,
,5/9/2013,"4,650.00","4,590.00",,
,5/10/2013,"5,169.00","4,865.00",,
,5/11/2013,"6,748.00","6,460.00",,
,5/12/2013,"4,503.00","4,950.00",,
,5/13/2013,"3,743.00","3,737.00",,
,5/14/2013,"4,125.00","4,041.00",,
,5/15/2013,"5,476.00","5,210.00",,
,5/16/2013,"5,466.00","5,337.00",,
,5/17/2013,"6,382.00","5,983.00",,
,5/18/2013,"6,785.00","6,577.00",,
,5/19/2013,"3,908.00","4,297.00",,
,5/20/2013,"3,680.00","3,881.00",,
,5/21/2013,"4,135.00","4,054.00",,
,5/22/2013,"4,548.00","4,425.00",,
,5/23/2013,"5,724.00","5,616.00",,
,5/24/2013,"5,587.00","5,183.00",,
,5/25/2013,"6,527.00","6,408.00",,
,5/26/2013,"5,257.00","5,393.00",,
,5/27/2013,"5,415.00","5,627.00",,
,5/28/2013,"3,515.00","3,489.00",,
,5/29/2013,"3,918.00","3,837.00",,
,5/30/2013,"4,612.00","4,540.00",,
,5/31/2013,"5,284.00","4,907.00",,
