GEOID,total_population,total_households,seniors_65plus,race_white_alone,race_black_african_american_alone,race_asian_alone,race_other,zero_vehicle_households,households_income_less_than_35k,hispanic
370630001011,1099,479,118,654,285,0,160,32,142,239
370630001012,2051,825,237,525,1433,0,93,33,207,187
370630001021,2302,1047,125,1309,724,42,227,86,523,717
370630001022,2128,771,347,1201,482,97,348,41,242,513
370630002001,1094,349,63,616,310,0,168,68,179,384
370630002002,1162,410,61,781,301,0,80,80,137,339
370630002003,1087,447,97,1020,60,7,0,0,55,187
370630003011,1108,546,77,444,491,18,155,59,280,258
370630003012,592,255,68,242,296,28,26,57,90,11
370630003013,681,332,109,576,39,39,27,57,86,59
370630003021,938,403,33,784,15,17,122,11,41,81
370630003022,1314,527,118,1138,108,46,22,24,87,285
370630003023,1567,643,112,1150,225,58,134,101,213,328
370630004011,888,454,165,792,59,0,37,0,51,61
370630004012,1076,413,144,966,23,43,44,10,28,94
370630004013,936,358,109,845,54,16,21,12,40,45
370630004021,2337,1374,168,2018,84,134,101,61,571,183
370630005001,1100,135,201,633,299,127,41,39,99,99
370630005002,576,305,42,377,163,13,23,38,133,0
370630005003,899,533,30,257,503,112,27,99,271,26
370630005004,1957,594,160,518,1325,104,10,154,323,364
370630006001,2817,1223,277,1688,743,20,366,35,399,124
370630006002,2222,796,108,1737,185,45,255,63,246,914
370630006003,465,235,142,329,63,57,16,72,72,0
370630007001,1200,840,186,833,300,50,17,259,408,81
370630007002,1276,536,176,1005,133,58,80,0,64,4
370630007003,1206,497,211,763,200,38,205,8,82,162
370630009001,959,350,86,420,418,10,111,100,235,408
370630009002,751,292,104,191,502,6,52,41,111,92
370630010011,864,359,92,487,218,0,159,58,165,364
370630010012,1421,515,111,359,843,21,198,157,371,440
370630010013,1421,486,123,315,1106,0,0,29,269,168
370630010021,3056,989,138,1317,938,0,801,400,713,1863
370630010022,674,368,92,189,431,0,54,18,296,100
370630010023,860,355,137,338,522,0,0,34,237,285
370630010024,1341,530,47,767,352,176,46,143,338,644
370630011001,1760,717,216,646,1030,0,84,222,437,289
370630011002,1423,629,203,408,974,0,41,206,456,332
370630013011,1382,543,174,135,1139,5,103,112,299,177
370630013031,3354,450,220,502,2584,87,181,86,234,147
370630013032,631,261,104,58,544,0,29,51,94,0
370630013041,3411,1188,351,635,2330,0,446,421,701,640
370630014001,353,170,105,34,319,0,0,15,99,53
370630014002,2044,657,107,219,1645,0,180,180,512,334
370630015011,3387,17,0,1737,889,596,165,6,12,290
370630015021,2649,1203,291,1110,1002,239,298,262,839,685
370630015022,828,552,0,379,20,418,11,46,318,21
370630015023,2082,1050,27,703,425,763,191,196,611,314
370630015024,369,185,40,173,183,0,13,18,128,84
370630015031,1727,0,0,877,418,342,90,0,0,130
370630016011,1342,496,319,1032,227,21,62,0,62,267
370630016012,3841,1306,661,1816,1629,78,318,26,365,414
370630016013,1252,557,247,1057,195,0,0,47,45,0
370630016031,497,231,117,406,37,0,54,0,34,0
370630016032,3294,1244,549,1937,1093,151,113,0,252,135
370630016033,1323,493,287,994,229,0,100,44,120,277
370630016034,1715,744,382,1586,110,0,19,0,93,102
370630016041,1931,827,512,1720,47,0,164,0,104,83
370630016042,2817,1166,817,2432,253,41,91,53,102,70
370630016043,1633,663,331,950,492,170,21,0,138,42
370630017051,1722,736,335,1400,200,31,91,45,127,347
370630017052,1936,896,468,1380,359,174,23,18,189,305
370630017053,1392,643,201,1040,115,0,237,65,212,488
370630017061,3169,1448,314,2049,616,335,169,88,395,222
370630017062,2152,1003,170,1204,708,205,35,118,288,151
370630017071,858,395,286,740,50,48,20,0,70,18
370630017072,1843,729,359,1512,229,89,13,12,43,108
370630017073,539,211,156,424,81,34,0,0,0,0
370630017074,1990,873,458,1908,62,0,20,20,168,28
370630017075,1855,837,860,1438,250,135,32,153,116,56
370630017081,5245,1791,659,1644,3399,60,142,235,526,822
370630017091,1376,425,27,403,889,0,84,0,151,485
370630017092,872,418,179,0,797,0,75,26,245,75
370630017093,4716,2143,593,1011,3313,61,331,653,1115,447
370630017101,3297,1192,311,1582,1504,122,89,140,312,553
370630017102,1597,594,125,292,958,49,298,36,228,266
370630017111,1216,539,222,614,472,82,48,37,169,248
370630017112,1706,869,97,582,933,0,191,170,414,376
370630017113,1543,850,93,546,783,14,200,121,414,371
370630018011,1616,655,133,683,834,0,99,28,65,83
370630018012,1182,400,194,401,395,0,386,12,161,386
370630018013,3166,999,221,1792,1203,1,170,12,348,1379
370630018014,2296,630,334,1029,1111,0,156,14,150,770
370630018015,358,156,103,229,92,0,37,0,48,39
370630018021,2272,811,315,546,1394,47,285,63,331,753
370630018022,1986,723,88,515,1264,0,207,298,506,633
370630018023,2504,814,401,699,1584,74,147,31,286,489
370630018024,1359,299,69,771,205,0,383,0,101,1058
370630018061,1565,600,295,1355,10,0,200,0,311,278
370630018062,5851,1879,267,1563,3731,0,557,25,267,460
370630018071,3192,1156,182,1584,1090,12,506,54,328,1337
370630018072,4014,1367,356,1028,2814,8,164,0,147,221
370630018073,2949,1055,245,890,1795,0,264,0,174,639
370630018081,1950,791,350,956,651,163,180,61,162,234
370630018082,8457,3185,628,3484,4084,530,359,15,261,450
370630018091,3855,1873,224,1289,2195,0,371,37,432,599
370630018092,2362,884,253,1539,658,27,138,45,169,143
370630019001,1806,997,1028,1460,225,121,0,0,108,33
370630019002,2612,1206,336,2004,327,151,130,0,172,133
370630020071,1752,875,517,1332,375,45,0,11,125,84
370630020072,2328,1111,469,1621,684,12,11,53,202,31
370630020073,775,317,174,239,327,0,209,0,51,114
370630020081,958,380,219,865,19,19,55,0,0,7
370630020082,2111,814,362,1771,204,41,95,0,41,64
370630020091,2249,731,262,666,1463,0,120,84,249,660
370630020092,1126,579,323,98,866,0,162,148,413,102
370630020093,1677,650,266,244,1365,0,68,71,309,232
370630020131,1569,623,236,806,660,8,95,40,103,216
370630020132,1016,421,234,593,392,0,31,32,83,18
370630020133,2094,854,218,1471,411,78,134,15,114,199
370630020151,3471,1283,54,1957,1103,24,387,217,545,1124
370630020152,1693,783,114,973,377,85,258,0,304,421
370630020153,637,405,358,446,93,98,0,42,102,0
370630020161,3081,1258,53,1431,941,296,413,80,448,1021
370630020162,2223,1049,101,1482,418,221,102,65,448,662
370630020171,2652,858,293,2208,61,225,158,0,13,67
370630020172,1425,722,397,1157,78,108,82,43,106,0
370630020173,3583,1824,728,2465,371,595,152,374,462,25
370630020181,2570,1530,1035,2220,187,78,85,151,418,46
370630020182,4033,1744,433,1828,1514,240,451,67,301,923
370630020183,2984,1416,547,2370,342,145,127,17,47,96
370630020191,1539,898,274,1034,463,18,24,0,149,14
370630020192,1860,997,439,1529,26,269,36,0,246,13
370630020193,1665,799,294,1329,242,94,0,0,146,30
370630020201,2168,840,283,1614,280,226,48,50,68,45
370630020202,5277,1794,554,3145,1331,484,317,0,49,81
370630020211,3007,1580,168,1779,726,387,115,41,291,116
370630020212,1278,543,73,501,644,52,81,13,113,284
370630020221,2388,1239,302,715,1312,47,314,15,286,79
370630020222,2431,1213,402,1491,519,293,128,206,369,36
370630020231,1491,669,111,1008,385,22,76,13,102,144
370630020232,1796,709,336,1032,390,306,68,23,110,41
370630020241,4184,1725,360,2858,793,331,202,49,222,119
370630020242,1125,655,253,869,155,26,75,40,74,109
370630020243,1052,687,309,791,204,10,47,24,242,24
370630020251,2671,906,447,900,1190,572,9,0,126,134
370630020252,2719,1084,284,1110,1503,33,73,0,249,488
370630020253,1356,528,73,723,544,52,37,0,99,13
370630020261,3504,1299,238,1404,1975,16,109,185,432,798
370630020262,3792,1536,241,390,2725,126,551,17,281,294
370630020271,2510,867,275,897,1005,349,259,14,134,231
370630020272,5388,2529,592,2699,2367,240,82,190,819,681
370630020273,2669,1372,189,824,1184,661,0,121,435,0
370630020281,2955,1308,448,1563,696,479,217,0,125,140
370630020282,2404,1167,144,884,1274,48,198,14,83,144
370630020283,4842,2696,170,2121,1658,766,297,46,400,426
370630021001,2280,1047,633,1719,537,24,0,0,133,0
370630021002,5110,808,623,2784,1874,32,420,62,163,461
370630021003,1810,719,404,1496,290,0,24,0,123,19
370630022001,2091,1079,221,1324,609,80,78,81,264,149
370630023001,1102,246,102,318,701,52,31,47,95,126
370630023002,531,195,22,109,402,0,20,25,62,250
370639801001,0,0,0,0,0,0,0,0,0,0
371350107011,2274,802,450,1556,540,16,162,5,162,217
371350107031,2982,1391,200,2013,552,290,127,223,605,110
371350107032,864,496,73,648,35,104,77,157,276,132
371350107033,1480,732,85,670,286,437,87,113,383,44
371350107034,609,259,60,424,36,14,135,32,94,153
371350107041,1845,961,122,1324,13,317,191,45,286,68
371350107042,1654,800,113,1097,455,33,69,28,230,103
371350107043,1916,706,367,1705,211,0,0,0,121,242
371350107051,2270,998,409,1821,158,111,180,17,254,289
371350107052,1558,594,139,1196,340,0,22,94,249,223
371350107053,1107,520,128,892,111,47,57,28,187,0
371350107054,155,120,0,129,0,0,26,0,50,0
371350107061,1456,523,105,1284,0,118,54,0,76,91
371350107062,2047,763,269,1758,88,171,30,0,61,104
371350108011,1081,410,188,827,166,3,85,12,89,168
371350108012,3448,1310,583,2494,692,6,256,28,288,178
371350108013,739,317,163,543,163,0,33,14,42,1
371350108021,1915,794,401,1629,218,16,52,28,168,81
371350108022,2965,1221,520,2847,79,17,22,0,172,146
371350109011,2703,1019,590,2388,315,0,0,17,220,298
371350109012,1509,612,257,1271,20,0,218,0,201,407
371350109013,1561,626,267,1302,63,82,114,53,165,355
371350109021,1720,629,309,1123,306,0,291,0,201,782
371350109022,4319,1542,484,3285,595,162,277,47,300,580
371350110001,3608,1208,594,2976,181,107,344,0,98,128
371350110002,1334,540,425,1116,193,0,25,74,122,29
371350110003,1135,464,190,805,171,75,84,0,25,0
371350110004,420,225,91,391,19,0,10,0,61,0
371350110005,1434,710,289,1234,46,80,74,50,204,83
371350111011,1230,521,127,1040,131,0,59,16,73,13
371350111012,1331,444,211,984,347,0,0,13,68,118
371350111013,977,313,105,554,186,13,224,15,78,224
371350111014,2780,1200,435,1812,728,41,199,29,401,293
371350111015,1739,623,293,772,515,16,436,51,286,678
371350111021,3250,1065,581,2637,318,24,271,0,295,134
371350111022,1400,589,187,1207,0,25,168,14,214,506
371350111023,1893,784,193,1262,457,0,174,104,331,178
371350112021,4112,1449,377,2838,350,703,221,0,136,224
371350112022,1386,620,365,1312,64,10,0,42,150,112
371350112023,2680,1072,358,2110,455,58,57,32,174,168
371350112031,2586,1089,438,2389,90,48,59,49,143,37
371350112032,2011,703,318,1828,0,170,13,12,113,344
371350112033,1872,717,368,1601,242,29,0,14,139,0
371350112041,1605,642,315,1330,84,82,109,12,125,326
371350112042,1599,621,428,1432,0,167,0,0,35,0
371350112051,3248,1026,243,1365,350,1238,295,0,105,123
371350112052,2782,1161,903,2185,131,403,63,66,36,131
371350112053,2453,1056,193,922,658,587,286,54,206,100
371350113001,3146,1112,127,2102,684,249,111,178,672,108
371350114001,1722,727,296,1296,77,225,124,12,204,108
371350114002,2096,640,42,1740,144,161,51,169,398,95
371350115001,1957,780,308,1619,116,134,88,59,160,153
371350116011,549,0,0,450,33,47,19,0,0,58
371350116012,1874,19,0,1446,164,160,104,3,3,174
371350116021,1617,0,0,1230,143,160,84,0,0,139
371350116022,1211,8,0,973,129,73,36,4,8,103
371350116023,3894,279,0,2578,368,693,255,59,174,346
371350117001,2852,473,110,2270,301,181,100,9,144,88
371350117002,2485,788,131,2043,165,156,121,55,308,201
371350118001,1272,508,63,861,287,88,36,26,283,75
371350118002,1897,788,301,1599,94,187,17,22,201,69
371350119011,2609,948,331,1836,78,628,67,115,199,581
371350119012,1364,681,196,866,331,136,31,46,177,19
371350119013,1061,473,126,814,37,201,9,0,196,115
371350119021,2250,1004,528,1826,70,324,30,55,185,198
371350119022,1715,673,239,1194,326,162,33,10,152,33
371350121001,2749,1021,370,1434,753,467,95,141,222,21
371350121002,2229,989,321,1802,116,175,136,13,165,43
371350121003,1151,373,132,446,462,173,70,53,162,6
371350121004,1926,921,298,1644,0,108,174,11,392,225
371350122011,2068,786,387,1665,227,149,27,16,73,74
371350122012,746,299,169,671,29,30,16,0,34,8
371350122021,1091,502,252,814,162,62,53,162,302,217
371350122022,2085,643,147,1602,57,346,80,36,11,182
371350122023,2178,954,220,2046,51,68,13,10,141,76
371830501001,4251,2041,273,2986,1016,92,157,213,293,331
371830503001,1724,982,236,1660,27,0,37,54,209,19
371830503002,1626,1308,416,1228,277,75,46,261,486,37
371830504001,1115,501,83,937,20,133,25,11,50,16
371830504002,930,332,85,602,313,5,10,48,111,18
371830505001,1175,631,164,1045,40,27,63,8,166,58
371830505002,1683,808,68,1095,438,65,85,31,165,73
371830505003,832,339,101,700,73,0,59,0,150,253
371830506001,1251,105,70,469,689,37,56,0,63,55
371830506002,1167,452,127,167,966,0,34,73,200,149
371830506003,1227,483,116,809,339,48,31,46,167,0
371830507001,1089,581,191,333,713,5,38,197,335,0
371830507002,835,348,81,299,536,0,0,97,199,62
371830507003,1218,555,257,226,910,0,82,61,182,148
371830508001,1132,470,158,96,982,0,54,156,308,164
371830508002,931,314,72,222,709,0,0,62,210,173
371830508003,2027,138,86,927,867,7,226,26,102,154
371830509001,1612,285,70,542,1032,7,31,31,106,80
371830509002,985,381,55,257,629,51,48,66,172,104
371830509003,596,243,84,60,514,0,22,109,155,22
371830510001,1518,1040,54,1139,193,83,103,165,389,170
371830510002,1058,490,114,947,90,0,21,50,109,51
371830511011,3764,0,0,3049,388,197,130,0,0,109
371830511012,1192,492,91,505,547,107,33,55,224,98
371830511013,407,0,0,274,57,63,13,0,0,7
371830511021,506,0,0,348,89,28,41,0,0,43
371830511022,3546,0,0,2938,295,233,80,0,0,77
371830511023,925,80,54,374,445,13,93,14,67,52
371830512001,1433,878,193,1176,176,81,0,26,154,95
371830512002,1361,772,80,1302,0,11,48,30,280,68
371830512003,2011,747,189,1848,27,90,46,127,213,15
371830514001,794,323,82,731,0,35,28,0,65,66
371830514002,808,321,69,723,70,15,0,0,93,0
371830514003,1038,511,76,963,0,17,58,15,33,15
371830514004,882,368,95,794,12,13,63,19,194,0
371830514005,1415,509,136,1125,290,0,0,59,173,23
371830515011,1408,713,341,1362,36,0,10,0,68,15
371830515012,2090,778,420,1960,58,55,17,28,47,0
371830515021,489,238,106,418,0,71,0,13,38,8
371830515022,1612,658,230,1567,0,21,24,13,59,25
371830516001,863,508,191,852,2,1,8,8,96,0
371830516002,1024,448,165,996,0,15,13,8,47,0
371830516003,1285,509,211,1252,0,0,33,0,38,33
371830516004,764,261,98,755,0,0,9,0,11,0
371830516005,973,306,281,891,67,7,8,8,0,8
371830517001,918,329,237,908,10,0,0,0,22,0
371830517002,1419,536,169,1414,5,0,0,0,14,77
371830517003,1023,381,196,946,22,30,25,0,28,0
371830518001,1332,650,137,1213,108,0,11,0,154,0
371830518002,1628,696,101,1628,0,0,0,21,84,0
371830518003,1603,806,477,1437,84,0,82,48,114,157
371830519001,1776,655,239,956,752,49,19,28,191,135
371830519002,2230,868,402,368,1801,0,61,109,366,58
371830519003,1210,418,227,669,519,0,22,17,192,265
371830520011,2709,991,199,632,1729,7,341,178,599,690
371830520012,1614,576,209,277,1120,50,167,243,348,278
371830520021,1470,504,338,82,1334,0,54,51,162,31
371830520022,2292,665,285,171,1916,39,166,95,319,464
371830520023,926,306,205,255,572,11,88,75,143,79
371830520024,1243,373,78,564,638,0,41,79,223,493
371830521011,5278,1642,519,1649,3138,101,390,0,498,1166
371830521012,1372,600,269,43,1313,0,16,42,294,16
371830521013,1478,482,109,222,1255,0,1,68,298,229
371830521014,1112,407,253,223,876,0,13,66,210,47
371830521021,4720,1554,308,738,3491,101,390,89,439,959
371830521022,2240,584,184,357,1817,11,55,78,183,391
371830523011,1483,785,192,1169,79,177,58,0,206,38
371830523012,2423,1071,0,1117,968,338,0,14,521,12
371830523013,2532,1055,0,1436,524,473,99,11,491,0
371830523021,1803,926,61,976,332,385,110,55,245,106
371830523022,3060,987,295,1956,577,225,302,46,383,19
371830523023,4794,1466,212,2996,1456,187,155,61,548,210
371830524011,4812,2414,415,3689,709,195,219,24,497,175
371830524012,1080,0,0,844,166,43,27,0,0,39
371830524041,2268,812,337,1906,183,106,73,22,160,205
371830524042,1533,519,66,811,0,675,47,112,261,35
371830524043,935,300,144,766,0,153,16,8,89,198
371830524061,1895,737,36,1113,177,133,472,16,213,643
371830524062,2585,955,154,1173,546,216,650,101,344,743
371830524063,3027,1506,161,1708,931,216,172,15,248,302
371830524071,2268,982,179,1459,595,76,138,127,311,220
371830524072,2023,922,157,1105,657,169,92,53,182,215
371830524081,1182,427,64,639,281,147,115,30,201,79
371830524082,2404,729,17,1175,813,109,307,59,342,610
371830524091,626,262,1,130,236,182,78,60,194,9
371830524092,1657,232,0,1095,129,426,7,76,144,7
371830524093,2003,707,0,1272,135,484,112,87,365,665
371830525031,1812,931,237,1153,488,39,132,33,228,271
371830525032,3529,1566,592,2693,383,128,325,154,265,140
371830525033,1744,782,311,1628,52,38,26,79,161,26
371830525041,2303,886,344,1433,197,230,443,134,108,582
371830525042,1119,576,291,1065,11,12,31,0,103,31
371830525043,3352,1698,766,2901,288,94,69,177,472,120
371830525051,3036,1350,385,2612,119,189,116,75,257,125
371830525052,2260,938,199,1134,254,112,760,0,142,854
371830525061,1682,777,578,1561,65,56,0,138,163,0
371830525062,995,518,106,762,195,22,16,6,114,142
371830525071,952,420,142,696,252,0,4,40,132,43
371830525072,2271,856,221,1711,268,48,244,136,261,215
371830526011,2437,765,297,2124,125,69,119,0,9,0
371830526012,973,470,200,966,0,0,7,21,61,20
371830526021,1692,735,330,1566,74,52,0,10,57,42
371830526022,1544,798,445,1386,41,59,58,73,101,51
371830526023,1463,730,446,1131,208,63,61,175,391,175
371830526031,1929,875,244,1854,22,11,42,0,100,52
371830526032,936,468,81,764,77,57,38,0,62,25
371830527011,2638,986,473,1886,188,215,349,41,185,597
371830527012,1773,784,154,797,386,0,590,15,249,644
371830527013,1978,738,83,691,348,10,929,35,259,872
371830527041,2740,1057,84,418,1130,0,1192,133,650,1392
371830527042,1861,730,173,497,711,38,615,89,297,727
371830527043,1819,665,200,738,622,72,387,36,115,371
371830527051,1743,773,368,647,939,66,91,177,335,205
371830527052,3217,1288,356,1713,841,239,424,7,310,818
371830527061,2048,723,60,753,695,135,465,40,265,788
371830527062,1428,602,73,346,569,53,460,82,95,683
371830527063,1275,419,325,597,604,43,31,37,72,14
371830527071,1899,618,268,917,824,0,158,20,144,655
371830527072,1979,753,307,1134,388,279,178,12,279,445
371830527073,3361,1281,575,1233,1490,187,451,72,400,484
371830528011,1019,382,141,633,386,0,0,0,18,0
371830528012,1657,613,209,1364,293,0,0,0,57,0
371830528013,2570,948,468,1533,783,122,132,0,111,30
371830528014,528,220,143,413,24,0,91,0,23,66
371830528015,738,328,124,250,407,6,75,65,191,75
371830528021,1487,629,221,957,423,0,107,0,183,308
371830528022,1397,710,59,513,776,55,53,148,237,204
371830528023,2174,624,263,1674,500,0,0,46,105,781
371830528024,1480,553,382,1081,339,1,59,15,172,26
371830528031,2993,1245,394,1627,1293,21,52,124,568,531
371830528032,1613,612,348,610,965,0,38,35,219,94
371830528033,7468,2049,405,925,5684,69,790,159,391,1145
371830528061,1358,397,346,128,610,126,494,0,147,420
371830528062,4276,1619,84,695,3079,0,502,77,496,705
371830528063,2411,772,124,1275,844,0,292,0,171,1219
371830528064,10040,3047,340,2373,6883,257,527,74,732,1545
371830528071,2297,724,224,880,1358,0,59,0,46,230
371830528072,4261,1395,356,1599,2044,10,608,38,287,968
371830528081,2048,825,188,1459,437,0,152,30,148,126
371830528082,3845,1292,288,2456,1183,35,171,84,259,833
371830528083,1648,765,625,1357,207,0,84,0,96,0
371830528084,3944,1538,468,2550,1120,198,76,116,373,530
371830528091,1188,374,94,791,370,0,27,0,41,250
371830528092,1880,612,292,1327,373,5,175,16,142,326
371830529011,2796,944,378,2699,80,0,17,3,169,276
371830529021,3847,1392,495,2891,651,0,305,77,265,900
371830529022,2152,804,308,1845,50,33,224,0,112,360
371830529031,2930,1106,547,2283,508,92,47,12,107,292
371830529041,3373,1204,379,2350,519,128,376,14,228,604
371830529042,2604,918,287,2004,527,26,47,0,94,111
371830529043,1824,774,197,1483,237,0,104,34,135,26
371830530031,4646,2289,379,3024,903,588,131,36,458,158
371830530032,1117,430,204,1045,10,26,36,0,0,0
371830530041,1481,654,372,1307,16,112,46,22,109,19
371830530042,1456,621,234,1126,92,211,27,0,39,41
371830530051,552,275,288,500,0,52,0,9,24,0
371830530052,2259,716,212,1992,60,142,65,10,47,0
371830530053,1962,753,397,1774,0,65,123,9,19,32
371830530061,3123,1073,415,2950,76,28,69,9,31,268
371830530071,1332,408,197,1071,54,174,33,21,28,39
371830530072,1686,693,424,1644,0,42,0,0,16,14
371830530081,4129,2086,187,2579,932,321,297,55,392,148
371830530082,2203,763,190,1441,356,120,286,27,213,357
371830530083,1356,575,250,1104,124,90,38,0,64,101
371830530084,804,255,102,717,87,0,0,0,0,0
371830530091,2172,713,254,746,938,74,414,77,322,1032
371830530092,3587,1329,357,2740,406,293,148,22,143,100
371830530093,1001,402,245,662,183,0,156,0,72,0
371830530094,1015,444,353,987,0,0,28,0,0,398
371830531051,4346,1597,860,3931,329,27,59,7,261,744
371830531061,3323,1352,643,2320,870,7,126,153,455,117
371830531071,3400,1060,400,2494,742,60,104,0,104,135
371830531072,2386,1028,412,1743,450,160,33,0,397,105
371830531073,4775,1618,575,3583,915,65,212,60,356,632
371830531081,2607,879,156,2327,207,0,73,11,255,368
371830531082,5943,1998,894,4693,605,129,516,12,232,345
371830531091,7806,2471,916,6710,372,161,563,17,225,641
371830531092,1672,660,241,1403,223,17,29,57,257,512
371830531101,2676,858,248,1730,353,63,530,13,69,505
371830531102,1933,626,130,1747,186,0,0,28,110,534
371830531103,1462,457,144,1200,235,0,27,0,60,113
371830531111,2108,747,326,1770,188,0,150,15,121,288
371830531112,2378,954,154,1525,598,0,255,48,209,594
371830531113,1491,579,180,897,335,0,259,0,141,164
371830532011,7666,2351,559,6961,535,112,58,31,146,403
371830532012,4784,1571,499,4171,266,108,239,41,169,240
371830532021,2248,686,254,1991,172,20,65,0,34,83
371830532022,2067,708,285,1882,135,20,30,0,49,99
371830532031,5685,1788,462,4036,738,301,610,19,110,170
371830532032,3481,1091,214,2825,424,32,200,20,47,232
371830532041,2605,1069,427,2024,391,29,161,137,331,198
371830532042,2488,786,119,1455,506,41,486,11,116,404
371830532051,4450,1600,404,3631,566,65,188,10,214,177
371830532061,5130,1657,480,3346,903,380,501,19,237,281
371830532071,2701,891,268,2389,217,0,95,0,117,357
371830532072,8233,2482,421,6980,481,170,602,0,118,692
371830534051,1075,364,122,964,18,71,22,0,9,26
371830534052,2633,1003,288,2260,35,231,107,16,42,142
371830534053,1016,608,408,909,41,57,9,100,134,29
371830534081,2704,926,144,1581,34,1057,32,0,77,5
371830534082,1459,455,78,1238,36,142,43,0,14,45
371830534091,1841,529,187,1261,51,396,133,0,9,143
371830534092,2640,903,112,1971,206,415,48,0,30,23
371830534093,2220,751,176,1509,60,578,73,0,44,178
371830534101,6250,2028,518,3166,320,2335,429,96,208,81
371830534111,7392,2209,329,3377,566,3150,299,23,153,381
371830534112,4521,1536,283,3149,324,840,208,75,140,195
371830534121,3925,1387,156,3571,2,260,92,15,136,242
371830534122,1232,367,111,839,163,230,0,0,33,0
371830534123,2528,725,194,1176,106,1192,54,27,21,290
371830534131,6755,2116,422,5457,307,840,151,0,198,303
371830534132,1434,555,220,1098,190,92,54,20,148,0
371830534141,4865,1670,208,4609,0,86,170,0,216,173
371830534142,5131,1613,541,3739,746,317,329,69,317,581
371830534151,4002,1310,331,3313,61,501,127,36,119,696
371830534161,2758,1150,261,2387,242,82,47,53,221,225
371830534162,3755,1364,410,2899,275,410,171,0,94,93
371830534163,798,272,133,659,0,0,139,0,59,37
371830534171,4316,1808,651,3172,641,349,154,109,455,304
371830534181,3367,1264,209,2449,138,342,438,0,168,17
371830534182,1824,685,155,1455,204,43,122,0,35,779
371830534183,2198,788,323,1825,0,131,242,0,76,258
371830534191,724,258,83,677,9,34,4,0,10,6
371830534192,2418,845,183,2155,164,34,65,32,57,82
371830534201,2913,943,259,2199,504,42,168,0,150,378
371830534202,4950,1764,228,2733,796,475,946,45,254,977
371830534211,5737,1900,669,4465,540,542,190,20,121,376
371830534221,1914,678,171,1590,59,229,36,0,31,31
371830534222,583,204,41,545,0,12,26,0,11,31
371830534231,1329,587,160,1131,73,79,46,36,73,65
371830534232,710,311,56,572,42,64,32,5,61,21
371830534241,2793,958,334,1691,177,701,224,10,72,132
371830534242,1820,609,195,1499,109,127,85,0,34,120
371830534251,2144,755,259,1876,51,178,39,0,60,93
371830534252,959,372,83,344,63,526,26,0,69,191
371830535051,1240,537,325,1102,65,55,18,10,48,18
371830535052,1133,421,158,1034,11,88,0,0,41,9
371830535053,1204,517,244,914,0,239,51,0,69,99
371830535061,868,399,150,670,111,87,0,118,140,128
371830535062,1184,498,217,995,97,14,78,0,90,78
371830535063,1361,641,470,1318,6,0,37,32,83,34
371830535064,2091,906,600,1855,94,129,13,58,105,109
371830535071,780,327,204,639,86,9,46,0,47,9
371830535072,1837,869,318,1141,392,40,264,103,412,470
371830535073,1526,604,522,1128,192,87,119,59,108,120
371830535091,1423,544,461,1358,0,21,44,9,17,11
371830535092,1992,708,364,1773,81,47,91,0,17,60
371830535093,1960,666,206,1624,111,188,37,14,64,75
371830535121,3042,1199,396,2340,265,227,210,17,152,22
371830535122,2277,1137,219,1705,172,211,189,0,141,151
371830535123,1353,639,200,949,43,234,127,0,159,129
371830535131,2028,846,157,1219,359,385,65,29,133,199
371830535132,2536,844,256,1804,278,143,311,49,194,922
371830535161,2619,975,150,1681,602,122,214,13,130,619
371830535162,829,370,291,633,84,55,57,39,54,18
371830535171,2641,796,128,1548,216,143,734,21,322,1421
371830535172,674,267,114,410,52,70,142,0,70,142
371830535173,1363,458,158,798,298,32,235,0,68,341
371830535174,419,201,0,311,0,8,100,0,16,100
371830535181,1395,644,281,1346,38,0,11,0,87,10
371830535182,1348,551,172,1116,61,124,47,0,59,71
371830535183,957,429,218,829,68,0,60,0,40,9
371830535191,1133,605,288,912,73,84,64,0,75,38
371830535192,2525,936,322,1493,932,15,85,95,227,461
371830535193,1237,430,0,386,355,118,378,51,198,339
371830535201,1516,744,198,1130,64,218,104,25,45,0
371830535202,2683,1224,195,1880,343,327,133,44,202,148
371830535203,2007,633,93,955,551,265,236,68,202,417
371830535211,2215,740,260,1679,62,393,81,17,107,4
371830535212,1479,564,271,1267,65,118,29,0,110,1
371830535221,2340,954,347,1752,120,407,61,156,169,69
371830535222,4643,1819,226,1549,775,2041,278,45,175,275
371830535231,2773,1047,373,1817,265,556,135,6,184,158
371830535232,2873,1134,152,1806,331,584,152,18,92,104
371830535241,1420,728,241,857,179,279,105,54,169,144
371830535242,2308,985,193,1776,64,417,51,12,101,163
371830535251,763,256,53,723,25,15,0,0,17,73
371830535252,2184,856,151,1580,149,299,156,6,80,167
371830536011,4794,1990,157,1444,687,2308,355,60,215,308
371830536012,4390,1394,323,2574,304,1206,306,0,118,250
371830536013,4381,1434,210,1978,960,1244,199,14,87,565
371830536021,6510,1966,241,2580,599,2875,456,22,150,172
371830536031,4194,1623,610,2655,203,1248,88,24,227,147
371830536041,1979,630,123,880,125,956,18,0,0,28
371830536042,2362,865,360,1670,47,586,59,25,41,55
371830536051,2524,989,326,1944,59,361,160,25,133,143
371830536061,1765,880,168,818,308,594,45,0,172,87
371830536062,803,306,178,602,21,57,123,0,46,169
371830536071,9873,3463,856,3152,1145,4838,738,136,427,195
371830536081,6477,2271,377,2290,973,2851,363,11,206,237
371830536091,1006,463,58,518,173,315,0,85,117,116
371830536101,7942,3545,947,5229,1565,566,582,134,492,788
371830536102,4129,2200,135,2577,970,401,181,36,194,530
371830537071,2042,933,843,1939,0,73,30,56,145,31
371830537072,2309,928,348,1525,693,23,68,51,190,86
371830537073,2738,1426,85,1539,798,144,257,33,264,171
371830537091,1435,791,66,919,116,171,229,72,54,252
371830537092,2186,1526,57,1573,272,44,297,112,375,217
371830537093,3271,1455,326,2061,883,122,205,16,282,153
371830537111,1977,724,227,1570,236,171,0,16,16,159
371830537112,1371,498,255,1298,0,73,0,14,34,0
371830537113,1627,743,206,1251,360,16,0,0,121,24
371830537121,1435,613,278,1298,32,45,60,0,67,47
371830537122,1190,476,240,1155,2,6,27,0,72,32
371830537131,1722,982,123,1207,244,32,239,18,210,189
371830537132,1797,869,75,1211,498,0,88,0,244,192
371830537141,1582,647,308,1510,72,0,0,0,73,14
371830537142,1859,872,418,1349,348,53,109,56,194,117
371830537143,906,497,173,771,87,48,0,12,105,8
371830537151,1587,714,255,1227,231,35,94,0,178,236
371830537152,1896,736,394,1766,79,39,12,7,48,15
371830537161,999,600,269,779,151,0,69,48,169,36
371830537162,1240,559,157,873,353,0,14,19,122,15
371830537163,1977,945,198,1075,850,0,52,28,206,42
371830537171,3994,2021,226,2514,967,412,101,12,273,69
371830537181,3628,1214,321,2898,387,140,203,9,73,154
371830537191,2202,768,138,2000,83,48,71,8,45,80
371830537192,2076,641,120,1817,15,49,195,0,7,175
371830537201,960,318,112,874,13,27,46,12,13,18
371830537202,980,350,210,882,48,0,50,0,40,20
371830537203,2033,661,189,1897,43,27,66,0,17,66
371830537211,1910,697,356,1648,95,39,128,11,59,50
371830537212,1847,680,355,1787,23,27,10,0,12,21
371830537221,1417,787,411,1313,69,35,0,123,178,0
371830537222,1780,844,730,1600,79,22,79,152,157,41
371830537223,886,438,459,886,0,0,0,0,41,0
371830537224,754,390,67,688,13,0,53,0,11,52
371830537231,1834,846,616,1340,170,106,218,63,68,191
371830537232,1567,791,497,1230,134,27,176,17,117,141
371830537241,6541,2491,500,4373,622,769,777,51,268,652
371830537251,2562,1155,208,2305,85,57,115,0,149,18
371830537252,2432,991,206,1858,240,109,225,14,111,113
371830537261,2047,925,155,1019,694,28,306,0,232,379
371830537262,889,411,92,781,57,0,51,0,28,18
371830538031,2358,801,294,1990,184,132,52,0,52,65
371830538032,1288,439,223,1250,27,0,11,0,9,70
371830538041,3402,1175,455,2945,274,133,50,7,88,82
371830538051,1165,395,121,1089,24,29,23,0,22,34
371830538052,688,273,202,643,24,7,14,5,6,26
371830538061,1931,720,425,1894,15,15,7,0,63,12
371830538062,1051,365,139,978,15,33,25,0,29,0
371830538071,1892,802,343,1586,171,87,48,19,59,68
371830538072,2095,729,340,1814,126,49,106,0,35,79
371830538081,1127,398,253,921,0,181,25,0,57,0
371830538082,1360,500,307,1305,30,16,9,19,39,29
371830538083,1937,722,372,1695,69,126,47,12,50,27
371830538084,690,246,154,617,43,30,0,10,35,43
371830539001,770,381,207,649,121,0,0,13,113,0
371830539002,2706,914,315,2437,77,0,192,0,105,253
371830539003,2102,695,169,1832,208,62,0,74,90,70
371830539004,3705,1197,541,3074,132,104,395,32,234,63
371830540011,1631,775,315,1491,127,0,13,96,224,198
371830540012,1441,813,377,1211,227,0,3,63,305,0
371830540013,1662,960,114,969,408,0,285,81,458,257
371830540041,1353,864,682,1111,122,11,109,270,321,69
371830540042,1210,533,140,703,369,60,78,12,178,74
371830540043,1373,658,172,779,474,0,120,0,127,99
371830540044,1107,432,31,294,536,0,277,21,192,296
371830540061,2236,895,163,1196,662,68,310,61,322,451
371830540062,1078,427,276,856,192,30,0,10,57,31
371830540071,2338,1077,468,1503,452,0,383,11,209,450
371830540072,1994,866,149,1322,570,23,79,36,149,66
371830540081,2152,702,174,585,780,450,337,31,76,207
371830540082,2248,889,103,396,1532,170,150,192,477,187
371830540083,1624,580,35,680,728,43,173,20,79,607
371830540084,1451,698,49,461,786,0,204,128,384,399
371830540111,1632,614,366,1374,27,188,43,0,26,0
371830540112,1202,485,337,1046,108,41,7,0,46,57
371830540121,1857,769,523,1599,222,23,13,0,155,0
371830540122,1266,455,220,1045,112,86,23,13,36,53
371830540123,737,325,217,678,22,0,37,0,28,12
371830540131,5411,2077,825,4296,489,192,434,54,202,235
371830540132,3412,1157,211,2984,100,43,285,0,53,58
371830540133,1463,552,84,572,700,58,133,0,99,55
371830540134,3029,1205,428,2710,129,0,190,186,216,248
371830540141,10052,3339,883,3297,5157,811,787,17,472,1449
371830540142,1551,444,156,157,561,461,372,0,57,385
371830540143,2207,956,153,578,519,20,1090,37,400,1069
371830540151,4320,1813,365,1917,1452,159,792,35,475,791
371830540161,1389,634,92,916,414,33,26,17,88,64
371830540162,2389,1024,432,2031,240,31,87,72,66,0
371830540163,2422,1014,265,1904,393,34,91,34,190,103
371830540171,2807,1191,286,1802,845,6,154,99,286,251
371830540181,1130,489,70,254,696,108,72,72,168,107
371830540182,2068,1101,118,612,1074,259,123,40,333,166
371830541041,1408,647,203,829,457,102,20,13,160,31
371830541042,3251,1096,211,1438,531,95,1187,51,250,1736
371830541043,5405,1558,230,1524,2442,420,1019,15,279,882
371830541044,1939,643,103,467,557,43,872,44,177,862
371830541051,2256,937,411,1155,1022,79,0,0,108,111
371830541052,2705,926,290,1483,1050,141,31,0,128,337
371830541053,3643,1604,342,1637,1454,22,530,0,168,661
371830541054,4062,1283,441,2311,1126,326,299,20,261,313
371830541055,1229,323,147,827,114,0,288,0,28,288
371830541061,1477,599,144,1019,232,12,214,47,278,711
371830541062,1288,611,359,414,740,0,134,0,208,11
371830541063,5252,1633,221,1090,3115,344,703,36,120,664
371830541081,1988,723,186,746,1089,100,53,0,197,226
371830541082,3918,1285,179,1634,1290,60,934,30,257,661
371830541083,2007,627,146,552,371,0,1084,13,144,990
371830541091,1935,677,243,1087,755,0,93,0,54,43
371830541092,1640,593,202,1217,349,7,67,35,162,350
371830541101,2044,616,32,1487,337,91,129,0,9,129
371830541102,4884,1642,327,2912,1471,341,160,0,143,366
371830541103,3681,1168,316,1926,703,61,991,0,121,1255
371830541111,2481,933,259,1361,507,49,564,23,170,634
371830541121,4410,1468,441,1924,1650,43,793,76,357,986
371830541131,1723,658,237,859,580,87,197,14,230,208
371830541132,2171,911,101,853,1066,15,237,4,145,268
371830541141,3078,1184,434,1892,1048,87,51,11,117,236
371830541142,3193,1116,186,1496,1011,84,602,0,196,952
371830541151,1368,515,367,1097,271,0,0,0,16,0
371830541152,2632,1072,194,928,1472,44,188,31,353,401
371830541153,3358,1201,286,1432,1640,114,172,72,205,153
371830541154,1605,634,137,1019,284,0,302,0,146,542
371830542031,3561,1238,623,3260,97,79,125,30,89,315
371830542041,2983,976,292,2332,470,26,155,7,146,184
371830542042,2216,873,248,1669,378,23,146,0,167,57
371830542051,2472,968,556,1396,933,4,139,98,422,188
371830542052,3292,1245,334,2392,721,48,131,23,326,123
371830542061,5392,2289,938,4304,840,52,196,176,419,265
371830542062,931,251,17,815,42,40,34,0,91,12
371830542071,9565,3586,1319,7305,1250,481,529,53,308,680
371830542081,9074,3594,1107,7336,1246,30,462,160,666,553
371830542091,8279,2832,613,4234,3017,342,686,31,228,829
371830542092,4280,1304,481,3427,427,90,336,0,67,121
371830542101,2108,893,372,1941,90,0,77,14,238,69
371830542102,4719,1432,564,2199,1828,61,631,0,141,397
371830542103,4486,1561,475,3407,672,64,343,112,249,323
371830542111,2873,1065,352,2584,173,70,46,0,149,176
371830542112,11124,3607,902,9024,1226,212,662,18,203,699
371830543011,765,362,173,330,298,0,137,0,83,80
371830543012,1311,454,142,1184,50,0,77,16,175,481
371830543013,2785,1016,368,1829,690,2,264,20,189,455
371830543014,1520,571,187,1066,349,12,93,0,53,107
371830543021,1444,443,161,728,675,21,20,0,163,67
371830543022,934,412,250,713,110,0,111,0,15,143
371830543023,3229,1003,685,1208,1601,38,382,0,241,82
371830543024,1290,432,206,552,515,0,223,48,276,0
371830543025,1101,334,38,1012,18,3,68,0,109,413
371830544021,1106,402,159,583,172,0,351,0,105,433
371830544022,2431,882,287,1622,683,0,126,37,374,338
371830544023,2769,1020,380,2196,378,0,195,0,102,173
371830544031,1292,400,153,738,518,0,36,0,112,137
371830544032,901,294,85,525,159,0,217,9,57,217
371830544033,1328,521,224,1138,190,0,0,10,112,114
371830544041,3418,1061,422,2211,428,37,742,0,297,758
371830544042,1330,415,145,711,393,13,213,0,16,292
371830544043,2113,869,249,1074,1013,0,26,121,205,12
371830545001,1969,558,96,733,1125,0,111,0,239,231
371830545002,2475,627,107,1380,1006,10,79,31,292,342
371830545003,4441,1762,146,3040,571,426,404,46,410,676
371830545004,1889,904,315,1127,619,87,56,155,466,258
371839801001,0,0,0,0,0,0,0,0,0,0
371839802001,0,0,0,0,0,0,0,0,0,0
